City,Date,Max Temp (°C),Min Temp (°C),Precipitation (mm)
Henderson,2014-01-01,18.3,3.5,0.0
Henderson,2014-01-02,17.8,4.2,0.0
Henderson,2014-01-03,15.9,3.3,0.0
Henderson,2014-01-04,16.8,3.4,0.0
Henderson,2014-01-05,13.1,1.6,0.0
Henderson,2014-01-06,14.0,0.4,0.0
Henderson,2014-01-07,13.4,4.1,0.0
Henderson,2014-01-08,14.5,0.8,0.0
Henderson,2014-01-09,14.4,3.2,0.0
Henderson,2014-01-10,16.3,5.0,0.0
Henderson,2014-01-11,16.2,4.4,0.0
Henderson,2014-01-12,17.0,5.7,0.0
Henderson,2014-01-13,17.4,5.1,0.0
Henderson,2014-01-14,20.4,5.7,0.0
Henderson,2014-01-15,19.2,5.4,0.0
Henderson,2014-01-16,21.1,5.2,0.0
Henderson,2014-01-17,19.5,4.9,0.0
Henderson,2014-01-18,20.2,4.1,0.0
Henderson,2014-01-19,18.1,4.2,0.0
Henderson,2014-01-20,18.9,3.6,0.0
Henderson,2014-01-21,17.9,4.4,0.0
Henderson,2014-01-22,18.8,7.2,0.0
Henderson,2014-01-23,15.1,5.0,0.0
Henderson,2014-01-24,16.2,8.8,0.0
Henderson,2014-01-25,18.8,7.9,0.0
Henderson,2014-01-26,15.8,3.9,0.0
Henderson,2014-01-27,19.7,4.7,0.0
Henderson,2014-01-28,19.3,7.6,0.0
Henderson,2014-01-29,18.6,7.5,0.0
Henderson,2014-01-30,22.2,8.9,0.0
Henderson,2014-01-31,13.6,8.9,0.02
Los Angeles,2014-01-01,20.7,7.0,0.045
Los Angeles,2014-01-02,25.8,11.5,0.0
Los Angeles,2014-01-03,21.2,8.9,0.0
Los Angeles,2014-01-04,19.7,10.6,0.0
Los Angeles,2014-01-05,24.2,7.6,0.047
Los Angeles,2014-01-06,25.0,10.3,0.0
Los Angeles,2014-01-07,20.0,9.5,0.0
Los Angeles,2014-01-08,18.9,9.1,0.0
Los Angeles,2014-01-09,16.6,10.5,0.0
Los Angeles,2014-01-10,20.7,8.5,0.045
Los Angeles,2014-01-11,21.8,8.8,0.0
Los Angeles,2014-01-12,21.0,10.6,0.045
Los Angeles,2014-01-13,26.5,8.3,0.0
Los Angeles,2014-01-14,26.7,9.8,0.0
Los Angeles,2014-01-15,28.3,9.5,0.0
Los Angeles,2014-01-16,29.2,10.5,0.0
Los Angeles,2014-01-17,29.4,11.9,0.0
Los Angeles,2014-01-18,28.1,11.1,0.0
Los Angeles,2014-01-19,25.7,9.3,0.0
Los Angeles,2014-01-20,26.0,8.9,0.0
Los Angeles,2014-01-21,24.4,12.0,0.0
Los Angeles,2014-01-22,23.8,13.1,0.0
Los Angeles,2014-01-23,21.9,10.7,0.0
Los Angeles,2014-01-24,22.2,13.3,0.0
Los Angeles,2014-01-25,24.4,14.2,0.0
Los Angeles,2014-01-26,19.8,11.4,0.0
Los Angeles,2014-01-27,20.2,11.3,0.0
Los Angeles,2014-01-28,20.2,9.6,0.0
Los Angeles,2014-01-29,20.6,11.1,0.045
Los Angeles,2014-01-30,16.9,13.9,0.024
Los Angeles,2014-01-31,17.5,12.4,0.0
Fort Lauderdale,2014-01-01,26.0,22.5,1.013
Fort Lauderdale,2014-01-02,28.1,21.9,0.069
Fort Lauderdale,2014-01-03,22.2,14.6,0.0
Fort Lauderdale,2014-01-04,23.8,18.9,0.397
Fort Lauderdale,2014-01-05,27.0,21.5,0.945
Fort Lauderdale,2014-01-06,27.4,15.6,1.254
Fort Lauderdale,2014-01-07,13.8,8.8,0.285
Fort Lauderdale,2014-01-08,20.2,9.4,5.334
Fort Lauderdale,2014-01-09,24.1,20.1,11.573
Fort Lauderdale,2014-01-10,25.6,21.9,0.0
Fort Lauderdale,2014-01-11,26.9,22.2,0.0
Fort Lauderdale,2014-01-12,24.7,18.3,0.0
Fort Lauderdale,2014-01-13,25.1,20.7,0.0
Fort Lauderdale,2014-01-14,27.0,20.2,0.0
Fort Lauderdale,2014-01-15,21.3,14.1,0.557
Fort Lauderdale,2014-01-16,15.1,9.0,0.029
Fort Lauderdale,2014-01-17,18.4,6.1,0.0
Fort Lauderdale,2014-01-18,19.8,10.3,0.0
Fort Lauderdale,2014-01-19,20.3,6.0,0.0
Fort Lauderdale,2014-01-20,23.5,13.1,0.0
Fort Lauderdale,2014-01-21,23.2,16.4,0.136
Fort Lauderdale,2014-01-22,17.6,10.2,0.0
Fort Lauderdale,2014-01-23,21.2,7.0,0.0
Fort Lauderdale,2014-01-24,21.2,13.2,0.0
Fort Lauderdale,2014-01-25,24.5,11.5,0.0
Fort Lauderdale,2014-01-26,24.4,13.6,0.0
Fort Lauderdale,2014-01-27,27.8,16.8,0.0
Fort Lauderdale,2014-01-28,26.3,16.9,0.0
Fort Lauderdale,2014-01-29,24.1,18.1,9.863
Fort Lauderdale,2014-01-30,20.8,16.0,8.513
Fort Lauderdale,2014-01-31,26.5,19.8,16.338
Concord,2014-01-01,16.8,0.8,0.0
Concord,2014-01-02,17.9,1.0,0.0
Concord,2014-01-03,18.1,2.0,0.0
Concord,2014-01-04,19.1,1.8,0.0
Concord,2014-01-05,18.1,2.1,0.0
Concord,2014-01-06,15.0,1.8,0.0
Concord,2014-01-07,17.0,3.9,0.0
Concord,2014-01-08,14.1,8.9,0.0
Concord,2014-01-09,16.8,8.9,0.001
Concord,2014-01-10,16.0,5.0,0.0
Concord,2014-01-11,14.1,5.8,0.0
Concord,2014-01-12,16.0,2.9,0.003
Concord,2014-01-13,17.1,3.0,0.0
Concord,2014-01-14,19.1,1.9,0.0
Concord,2014-01-15,21.1,3.0,0.0
Concord,2014-01-16,21.0,1.1,0.0
Concord,2014-01-17,19.1,0.8,0.0
Concord,2014-01-18,20.8,0.8,0.0
Concord,2014-01-19,18.1,0.0,0.0
Concord,2014-01-20,20.0,1.0,0.0
Concord,2014-01-21,20.8,0.8,0.0
Concord,2014-01-22,21.0,1.0,0.0
Concord,2014-01-23,18.9,2.9,0.0
Concord,2014-01-24,21.1,4.2,0.0
Concord,2014-01-25,22.8,6.2,0.0
Concord,2014-01-26,20.0,5.0,0.0
Concord,2014-01-27,16.8,4.2,0.0
Concord,2014-01-28,19.1,10.8,0.0
Concord,2014-01-29,17.9,12.9,0.132
Concord,2014-01-30,17.0,10.0,2.656
Concord,2014-01-31,16.0,5.8,0.0
Seattle,2014-01-01,7.4,4.5,0.096
Seattle,2014-01-02,11.1,6.5,5.453
Seattle,2014-01-03,8.7,4.0,1.479
Seattle,2014-01-04,7.7,1.4,0.0
Seattle,2014-01-05,7.7,-0.9,0.0
Seattle,2014-01-06,6.1,-0.6,0.0
Seattle,2014-01-07,8.6,4.8,3.769
Seattle,2014-01-08,10.5,7.7,5.033
Seattle,2014-01-09,9.7,6.0,1.6
Seattle,2014-01-10,9.9,8.6,1.594
Seattle,2014-01-11,14.9,7.4,11.136
Seattle,2014-01-12,11.4,5.8,0.374
Seattle,2014-01-13,11.5,10.5,0.096
Seattle,2014-01-14,11.5,8.7,0.0
Seattle,2014-01-15,10.8,6.8,0.0
Seattle,2014-01-16,6.6,5.4,0.0
Seattle,2014-01-17,6.1,3.4,0.0
Seattle,2014-01-18,8.3,0.9,0.0
Seattle,2014-01-19,6.5,2.9,0.0
Seattle,2014-01-20,8.9,2.8,0.0
Seattle,2014-01-21,9.7,0.3,0.0
Seattle,2014-01-22,9.5,6.7,0.036
Seattle,2014-01-23,9.4,4.7,0.0
Seattle,2014-01-24,11.0,1.7,0.0
Seattle,2014-01-25,11.3,0.9,0.0
Seattle,2014-01-26,7.1,0.8,0.0
Seattle,2014-01-27,6.7,1.6,0.0
Seattle,2014-01-28,10.4,6.3,2.871
Seattle,2014-01-29,11.4,7.5,10.966
Seattle,2014-01-30,8.8,6.5,0.232
Seattle,2014-01-31,7.8,5.4,0.491
Fort Worth,2014-01-01,22.1,1.6,0.0
Fort Worth,2014-01-02,5.6,-3.8,0.0
Fort Worth,2014-01-03,11.1,-3.0,0.0
Fort Worth,2014-01-04,21.4,5.8,0.0
Fort Worth,2014-01-05,9.4,-5.9,0.0
Fort Worth,2014-01-06,0.8,-10.0,0.0
Fort Worth,2014-01-07,9.2,-6.1,0.0
Fort Worth,2014-01-08,9.8,4.5,0.212
Fort Worth,2014-01-09,9.7,6.2,1.096
Fort Worth,2014-01-10,21.1,8.3,0.868
Fort Worth,2014-01-11,20.3,4.6,0.0
Fort Worth,2014-01-12,24.9,7.6,0.0
Fort Worth,2014-01-13,17.2,6.2,0.0
Fort Worth,2014-01-14,18.2,2.3,0.0
Fort Worth,2014-01-15,14.7,1.6,0.0
Fort Worth,2014-01-16,17.9,3.3,0.0
Fort Worth,2014-01-17,12.5,4.3,0.0
Fort Worth,2014-01-18,20.6,4.1,0.0
Fort Worth,2014-01-19,19.2,2.4,0.0
Fort Worth,2014-01-20,22.3,6.4,0.0
Fort Worth,2014-01-21,10.8,3.2,0.0
Fort Worth,2014-01-22,15.3,0.3,0.0
Fort Worth,2014-01-23,7.3,-3.3,0.0
Fort Worth,2014-01-24,6.4,-7.5,0.0
Fort Worth,2014-01-25,18.9,-0.4,0.0
Fort Worth,2014-01-26,24.7,9.3,0.0
Fort Worth,2014-01-27,11.6,-2.8,0.0
Fort Worth,2014-01-28,2.3,-5.4,0.0
Fort Worth,2014-01-29,8.2,-7.8,0.0
Fort Worth,2014-01-30,17.4,0.2,0.0
Fort Worth,2014-01-31,23.9,11.0,0.0
Madison,2014-01-01,-13.2,-17.8,0.0
Madison,2014-01-02,-11.7,-22.3,0.0
Madison,2014-01-03,-7.8,-25.1,0.0
Madison,2014-01-04,0.8,-8.2,0.0
Madison,2014-01-05,-9.2,-22.1,0.0
Madison,2014-01-06,-22.8,-27.8,0.0
Madison,2014-01-07,-16.7,-25.7,0.0
Madison,2014-01-08,-12.8,-24.3,0.0
Madison,2014-01-09,-5.7,-26.8,0.0
Madison,2014-01-10,2.2,-5.0,1.939
Madison,2014-01-11,2.2,-1.7,0.0
Madison,2014-01-12,5.0,-3.0,0.0
Madison,2014-01-13,5.0,-2.8,0.0
Madison,2014-01-14,1.0,-7.8,0.927
Madison,2014-01-15,-8.2,-11.7,0.0
Madison,2014-01-16,1.0,-10.7,0.734
Madison,2014-01-17,-7.1,-12.1,0.0
Madison,2014-01-18,-8.2,-16.2,0.116
Madison,2014-01-19,1.2,-12.5,0.0
Madison,2014-01-20,1.2,-13.8,0.0
Madison,2014-01-21,-14.0,-20.7,0.0
Madison,2014-01-22,-11.7,-18.8,0.116
Madison,2014-01-23,-14.0,-21.7,0.0
Madison,2014-01-24,-1.0,-21.9,0.732
Madison,2014-01-25,0.1,-14.8,0.0
Madison,2014-01-26,-4.0,-15.7,1.793
Madison,2014-01-27,-16.1,-23.2,0.0
Madison,2014-01-28,-16.9,-25.7,0.0
Madison,2014-01-29,-4.9,-18.8,0.0
Madison,2014-01-30,-0.7,-8.0,0.386
Madison,2014-01-31,-9.2,-16.7,0.0
West Jordan,2014-01-01,3.5,-5.7,0.0
West Jordan,2014-01-02,2.3,-8.1,0.0
West Jordan,2014-01-03,0.7,-8.9,0.0
West Jordan,2014-01-04,0.1,-8.3,1.158
West Jordan,2014-01-05,-0.3,-11.0,0.0
West Jordan,2014-01-06,0.2,-9.2,0.0
West Jordan,2014-01-07,-0.3,-8.1,0.0
West Jordan,2014-01-08,0.9,-2.3,2.405
West Jordan,2014-01-09,1.6,-3.1,1.631
West Jordan,2014-01-10,5.6,-1.2,0.0
West Jordan,2014-01-11,9.1,2.2,0.0
West Jordan,2014-01-12,4.0,0.1,1.031
West Jordan,2014-01-13,6.3,0.6,0.018
West Jordan,2014-01-14,6.2,-3.1,0.0
West Jordan,2014-01-15,5.5,-3.6,0.018
West Jordan,2014-01-16,3.1,-7.2,0.0
West Jordan,2014-01-17,3.9,-7.7,0.0
West Jordan,2014-01-18,2.7,-7.2,0.0
West Jordan,2014-01-19,2.9,-8.7,0.0
West Jordan,2014-01-20,2.7,-6.9,0.0
West Jordan,2014-01-21,1.9,-8.5,0.0
West Jordan,2014-01-22,-0.1,-9.1,0.0
West Jordan,2014-01-23,3.0,-5.8,0.0
West Jordan,2014-01-24,2.4,-8.2,0.0
West Jordan,2014-01-25,2.4,-7.8,0.0
West Jordan,2014-01-26,4.5,-7.8,0.0
West Jordan,2014-01-27,4.8,-5.7,0.0
West Jordan,2014-01-28,3.7,-4.8,0.0
West Jordan,2014-01-29,9.0,-1.2,5.273
West Jordan,2014-01-30,2.9,1.0,2.684
West Jordan,2014-01-31,1.8,-1.4,0.168
San Francisco,2014-01-01,14.1,3.5,0.0
San Francisco,2014-01-02,15.3,4.5,0.0
San Francisco,2014-01-03,17.2,6.2,0.0
San Francisco,2014-01-04,17.0,6.0,0.0
San Francisco,2014-01-05,17.4,6.5,0.0
San Francisco,2014-01-06,13.6,6.0,0.0
San Francisco,2014-01-07,14.2,7.2,0.0
San Francisco,2014-01-08,13.0,10.5,0.066
San Francisco,2014-01-09,15.0,9.1,0.087
San Francisco,2014-01-10,14.7,7.2,0.0
San Francisco,2014-01-11,13.3,7.3,0.0
San Francisco,2014-01-12,15.6,6.0,0.0
San Francisco,2014-01-13,19.8,6.5,0.0
San Francisco,2014-01-14,22.3,7.7,0.0
San Francisco,2014-01-15,22.6,8.5,0.0
San Francisco,2014-01-16,20.0,8.1,0.0
San Francisco,2014-01-17,17.9,5.7,0.0
San Francisco,2014-01-18,17.3,4.5,0.0
San Francisco,2014-01-19,17.9,4.9,0.0
San Francisco,2014-01-20,18.1,5.5,0.0
San Francisco,2014-01-21,18.1,5.0,0.0
San Francisco,2014-01-22,17.7,5.3,0.0
San Francisco,2014-01-23,20.1,5.7,0.0
San Francisco,2014-01-24,16.4,6.6,0.0
San Francisco,2014-01-25,19.6,8.6,0.0
San Francisco,2014-01-26,19.4,8.2,0.0
San Francisco,2014-01-27,14.4,9.5,0.0
San Francisco,2014-01-28,17.8,10.9,0.0
San Francisco,2014-01-29,16.5,12.5,0.0
San Francisco,2014-01-30,14.5,11.3,0.189
San Francisco,2014-01-31,15.2,7.1,0.0
Fremont,2014-01-01,16.1,2.0,0.0
Fremont,2014-01-02,17.4,4.4,0.0
Fremont,2014-01-03,17.9,5.6,0.0
Fremont,2014-01-04,18.5,4.5,0.0
Fremont,2014-01-05,18.2,3.1,0.0
Fremont,2014-01-06,15.6,4.6,0.0
Fremont,2014-01-07,17.0,6.7,0.0
Fremont,2014-01-08,13.8,10.3,0.0
Fremont,2014-01-09,15.6,8.6,0.115
Fremont,2014-01-10,16.0,5.1,0.0
Fremont,2014-01-11,14.3,6.5,0.0
Fremont,2014-01-12,16.3,5.1,0.0
Fremont,2014-01-13,18.8,5.2,0.0
Fremont,2014-01-14,21.8,5.7,0.0
Fremont,2014-01-15,20.7,6.5,0.0
Fremont,2014-01-16,21.1,5.4,0.0
Fremont,2014-01-17,19.3,4.9,0.0
Fremont,2014-01-18,20.4,3.5,0.0
Fremont,2014-01-19,18.9,3.2,0.0
Fremont,2014-01-20,20.2,3.7,0.0
Fremont,2014-01-21,18.7,3.6,0.0
Fremont,2014-01-22,21.8,4.2,0.0
Fremont,2014-01-23,19.5,5.2,0.0
Fremont,2014-01-24,18.6,5.2,0.0
Fremont,2014-01-25,21.1,6.4,0.0
Fremont,2014-01-26,20.7,7.2,0.0
Fremont,2014-01-27,16.3,7.2,0.0
Fremont,2014-01-28,19.2,10.0,0.0
Fremont,2014-01-29,17.6,13.0,0.041
Fremont,2014-01-30,15.0,11.0,1.058
Fremont,2014-01-31,15.1,6.7,0.0
Philadelphia,2014-01-01,4.7,-4.0,0.0
Philadelphia,2014-01-02,1.4,-5.0,4.3
Philadelphia,2014-01-03,-5.4,-11.6,1.482
Philadelphia,2014-01-04,-1.7,-13.7,0.0
Philadelphia,2014-01-05,5.1,-9.0,2.203
Philadelphia,2014-01-06,15.6,-8.7,4.38
Philadelphia,2014-01-07,-10.2,-15.9,0.0
Philadelphia,2014-01-08,-4.0,-12.1,0.0
Philadelphia,2014-01-09,1.5,-4.4,0.0
Philadelphia,2014-01-10,2.2,-2.0,5.181
Philadelphia,2014-01-11,16.6,2.9,10.096
Philadelphia,2014-01-12,10.9,1.2,0.34
Philadelphia,2014-01-13,13.6,-2.1,0.031
Philadelphia,2014-01-14,10.0,4.5,2.649
Philadelphia,2014-01-15,9.0,2.0,0.0
Philadelphia,2014-01-16,4.3,-1.6,0.015
Philadelphia,2014-01-17,7.0,-3.7,0.0
Philadelphia,2014-01-18,3.2,-4.5,0.051
Philadelphia,2014-01-19,4.7,-5.7,0.0
Philadelphia,2014-01-20,9.9,1.2,0.0
Philadelphia,2014-01-21,3.0,-9.3,3.582
Philadelphia,2014-01-22,-8.9,-15.7,0.102
Philadelphia,2014-01-23,-5.7,-12.9,0.0
Philadelphia,2014-01-24,-7.5,-12.5,0.0
Philadelphia,2014-01-25,-3.4,-7.6,1.553
Philadelphia,2014-01-26,-2.1,-8.7,0.273
Philadelphia,2014-01-27,6.3,-5.0,0.0
Philadelphia,2014-01-28,-6.0,-11.1,0.0
Philadelphia,2014-01-29,-6.5,-11.1,0.862
Philadelphia,2014-01-30,-1.9,-12.6,0.0
Philadelphia,2014-01-31,6.9,-6.7,0.0
Houston,2014-01-01,18.4,8.1,0.0
Houston,2014-01-02,15.0,4.1,0.032
Houston,2014-01-03,11.9,1.0,0.0
Houston,2014-01-04,18.4,5.4,0.0
Houston,2014-01-05,18.0,2.5,0.917
Houston,2014-01-06,2.1,-2.9,0.0
Houston,2014-01-07,7.7,-3.1,0.0
Houston,2014-01-08,13.0,6.9,0.016
Houston,2014-01-09,20.2,12.6,3.412
Houston,2014-01-10,20.7,13.9,0.114
Houston,2014-01-11,22.5,14.4,0.033
Houston,2014-01-12,21.9,12.2,0.073
Houston,2014-01-13,21.1,12.9,0.204
Houston,2014-01-14,21.9,8.6,0.0
Houston,2014-01-15,15.0,7.0,0.0
Houston,2014-01-16,21.9,8.3,0.0
Houston,2014-01-17,17.1,9.5,0.0
Houston,2014-01-18,19.7,6.4,0.0
Houston,2014-01-19,20.3,9.9,0.0
Houston,2014-01-20,24.8,12.0,0.0
Houston,2014-01-21,16.4,8.8,0.0
Houston,2014-01-22,20.8,4.8,0.0
Houston,2014-01-23,15.0,1.2,3.322
Houston,2014-01-24,1.5,-2.0,0.555
Houston,2014-01-25,16.2,-0.2,0.0
Houston,2014-01-26,21.9,8.8,0.0
Houston,2014-01-27,17.0,10.1,0.0
Houston,2014-01-28,9.5,-1.5,0.352
Houston,2014-01-29,6.7,-0.2,0.0
Houston,2014-01-30,14.1,0.4,0.0
Houston,2014-01-31,21.0,14.0,0.0
Richardson,2014-01-01,20.0,1.7,0.0
Richardson,2014-01-02,5.6,-3.4,0.0
Richardson,2014-01-03,10.9,-2.7,0.0
Richardson,2014-01-04,20.3,4.2,0.0
Richardson,2014-01-05,14.5,-5.1,0.0
Richardson,2014-01-06,0.2,-9.4,0.0
Richardson,2014-01-07,8.5,-5.9,0.0
Richardson,2014-01-08,8.4,3.6,1.393
Richardson,2014-01-09,8.2,4.4,0.812
Richardson,2014-01-10,20.1,7.7,2.225
Richardson,2014-01-11,20.2,4.2,0.0
Richardson,2014-01-12,22.5,6.5,0.0
Richardson,2014-01-13,17.5,7.4,0.0
Richardson,2014-01-14,17.9,3.5,0.0
Richardson,2014-01-15,12.6,1.9,0.0
Richardson,2014-01-16,18.1,4.1,0.0
Richardson,2014-01-17,11.8,3.1,0.0
Richardson,2014-01-18,19.2,3.6,0.0
Richardson,2014-01-19,17.1,1.7,0.0
Richardson,2014-01-20,22.2,5.1,0.0
Richardson,2014-01-21,11.8,2.5,0.0
Richardson,2014-01-22,14.0,-0.2,0.0
Richardson,2014-01-23,6.7,-4.1,0.0
Richardson,2014-01-24,4.8,-8.0,0.0
Richardson,2014-01-25,19.0,-1.8,0.0
Richardson,2014-01-26,22.3,7.9,0.0
Richardson,2014-01-27,10.0,-3.5,0.0
Richardson,2014-01-28,1.6,-5.1,0.0
Richardson,2014-01-29,7.7,-7.2,0.0
Richardson,2014-01-30,13.9,-0.8,0.0
Richardson,2014-01-31,22.9,10.5,0.0
Naperville,2014-01-01,-5.7,-11.2,0.356
Naperville,2014-01-02,-7.6,-18.4,0.0
Naperville,2014-01-03,-7.5,-23.7,0.0
Naperville,2014-01-04,-0.6,-7.5,2.297
Naperville,2014-01-05,-1.6,-18.6,0.581
Naperville,2014-01-06,-19.9,-27.1,0.0
Naperville,2014-01-07,-16.4,-24.5,0.0
Naperville,2014-01-08,-10.8,-21.1,0.0
Naperville,2014-01-09,-2.0,-21.0,0.0
Naperville,2014-01-10,4.2,-2.1,11.511
Naperville,2014-01-11,3.6,-0.5,1.427
Naperville,2014-01-12,5.2,-1.7,0.0
Naperville,2014-01-13,5.5,-2.7,0.0
Naperville,2014-01-14,1.0,-5.7,0.37
Naperville,2014-01-15,-6.1,-10.3,0.0
Naperville,2014-01-16,1.3,-6.8,0.058
Naperville,2014-01-17,-7.7,-11.6,0.0
Naperville,2014-01-18,-6.9,-13.6,0.127
Naperville,2014-01-19,2.6,-14.1,0.0
Naperville,2014-01-20,2.0,-9.1,0.0
Naperville,2014-01-21,-10.2,-19.3,0.0
Naperville,2014-01-22,-9.5,-19.2,0.0
Naperville,2014-01-23,-14.8,-21.2,0.0
Naperville,2014-01-24,-3.0,-22.0,1.0
Naperville,2014-01-25,0.2,-14.2,0.073
Naperville,2014-01-26,-0.9,-14.7,0.925
Naperville,2014-01-27,-15.6,-23.0,0.0
Naperville,2014-01-28,-16.4,-25.5,0.0
Naperville,2014-01-29,-5.7,-19.8,0.0
Naperville,2014-01-30,-0.4,-7.6,0.248
Naperville,2014-01-31,-5.9,-8.7,0.0
Melbourne,2014-01-01,24.9,13.5,6.49
Melbourne,2014-01-02,21.7,12.9,1.426
Melbourne,2014-01-03,21.6,12.3,0.0
Melbourne,2014-01-04,19.5,11.5,0.152
Melbourne,2014-01-05,25.6,8.1,0.31
Melbourne,2014-01-06,18.5,11.3,0.055
Melbourne,2014-01-07,18.0,12.5,0.0
Melbourne,2014-01-08,26.5,7.5,0.016
Melbourne,2014-01-09,31.9,11.7,0.0
Melbourne,2014-01-10,34.2,20.7,0.0
Melbourne,2014-01-11,22.0,16.4,0.0
Melbourne,2014-01-12,22.9,15.5,0.0
Melbourne,2014-01-13,32.8,12.0,0.0
Melbourne,2014-01-14,42.2,17.4,0.0
Melbourne,2014-01-15,41.4,27.0,0.162
Melbourne,2014-01-16,41.9,23.4,1.042
Melbourne,2014-01-17,42.6,22.5,0.0
Melbourne,2014-01-18,23.8,17.4,0.274
Melbourne,2014-01-19,21.7,15.4,0.0
Melbourne,2014-01-20,23.8,17.0,0.0
Melbourne,2014-01-21,21.5,15.7,0.0
Melbourne,2014-01-22,23.1,14.7,0.0
Melbourne,2014-01-23,30.6,9.0,0.0
Melbourne,2014-01-24,21.0,16.7,6.777
Melbourne,2014-01-25,19.6,12.8,0.0
Melbourne,2014-01-26,27.6,9.6,0.0
Melbourne,2014-01-27,35.1,15.3,0.0
Melbourne,2014-01-28,41.1,21.0,0.0
Melbourne,2014-01-29,23.3,16.5,0.049
Melbourne,2014-01-30,30.4,12.3,0.0
Melbourne,2014-01-31,27.7,17.3,0.0
Eagan,2014-01-01,-16.5,-21.6,0.0
Eagan,2014-01-02,-15.7,-22.4,0.0
Eagan,2014-01-03,-2.1,-22.8,0.715
Eagan,2014-01-04,1.4,-17.2,0.811
Eagan,2014-01-05,-18.2,-27.5,0.0
Eagan,2014-01-06,-23.7,-29.6,0.0
Eagan,2014-01-07,-15.3,-25.5,0.0
Eagan,2014-01-08,-15.5,-22.8,0.0
Eagan,2014-01-09,-6.5,-22.8,0.0
Eagan,2014-01-10,-0.7,-9.0,0.0
Eagan,2014-01-11,-0.4,-5.0,0.0
Eagan,2014-01-12,4.6,-4.9,0.0
Eagan,2014-01-13,1.5,-2.8,0.078
Eagan,2014-01-14,-1.5,-12.5,2.538
Eagan,2014-01-15,-3.8,-16.9,0.078
Eagan,2014-01-16,1.3,-13.1,0.338
Eagan,2014-01-17,-10.4,-16.4,0.0
Eagan,2014-01-18,-5.1,-12.9,1.276
Eagan,2014-01-19,3.7,-7.7,0.0
Eagan,2014-01-20,-0.5,-18.1,0.084
Eagan,2014-01-21,-15.0,-24.3,0.078
Eagan,2014-01-22,-13.3,-20.8,0.078
Eagan,2014-01-23,-19.1,-26.2,0.0
Eagan,2014-01-24,1.1,-18.1,1.666
Eagan,2014-01-25,-3.1,-15.9,0.484
Eagan,2014-01-26,-7.6,-19.9,1.271
Eagan,2014-01-27,-20.5,-26.0,0.0
Eagan,2014-01-28,-17.4,-25.4,0.0
Eagan,2014-01-29,0.4,-21.3,0.0
Eagan,2014-01-30,-2.7,-18.1,3.22
Eagan,2014-01-31,-12.5,-22.4,0.0
Westland,2014-01-01,-8.2,-10.4,2.381
Westland,2014-01-02,-8.8,-14.7,1.438
Westland,2014-01-03,-11.4,-19.9,0.0
Westland,2014-01-04,-0.6,-11.6,0.0
Westland,2014-01-05,0.3,-4.2,5.931
Westland,2014-01-06,-6.2,-25.5,0.227
Westland,2014-01-07,-18.4,-25.5,0.0
Westland,2014-01-08,-9.0,-21.8,0.0
Westland,2014-01-09,-5.4,-19.8,0.434
Westland,2014-01-10,3.3,-5.3,5.402
Westland,2014-01-11,5.3,2.1,3.96
Westland,2014-01-12,2.7,1.1,0.0
Westland,2014-01-13,7.0,2.5,0.0
Westland,2014-01-14,4.1,-3.0,0.0
Westland,2014-01-15,-0.3,-6.3,0.0
Westland,2014-01-16,-1.8,-6.5,1.089
Westland,2014-01-17,-0.5,-6.7,0.5
Westland,2014-01-18,-6.8,-14.3,0.0
Westland,2014-01-19,-1.7,-8.8,0.0
Westland,2014-01-20,-0.4,-10.2,0.425
Westland,2014-01-21,-10.3,-17.8,0.0
Westland,2014-01-22,-11.6,-21.4,0.433
Westland,2014-01-23,-9.6,-17.0,0.085
Westland,2014-01-24,-8.5,-18.3,0.093
Westland,2014-01-25,-1.8,-13.5,0.257
Westland,2014-01-26,-1.8,-16.8,0.694
Westland,2014-01-27,-2.3,-18.5,0.685
Westland,2014-01-28,-14.1,-23.2,0.0
Westland,2014-01-29,-8.3,-19.3,0.0
Westland,2014-01-30,-2.7,-13.3,0.439
Westland,2014-01-31,1.2,-2.6,0.0
Dover,2014-01-01,10.1,7.7,12.473
Dover,2014-01-02,9.9,6.7,2.407
Dover,2014-01-03,10.4,5.4,5.554
Dover,2014-01-04,9.7,4.4,6.842
Dover,2014-01-05,9.6,3.2,0.986
Dover,2014-01-06,11.7,9.4,3.07
Dover,2014-01-07,11.2,7.4,3.042
Dover,2014-01-08,10.5,7.6,2.886
Dover,2014-01-09,10.7,4.1,0.984
Dover,2014-01-10,9.1,3.9,0.577
Dover,2014-01-11,8.8,2.1,1.006
Dover,2014-01-12,7.4,0.2,0.295
Dover,2014-01-13,9.6,6.6,1.09
Dover,2014-01-14,7.8,3.4,6.623
Dover,2014-01-15,9.4,5.3,4.462
Dover,2014-01-16,9.8,8.6,1.373
Dover,2014-01-17,8.8,7.4,6.704
Dover,2014-01-18,8.8,7.8,1.638
Dover,2014-01-19,9.1,3.6,3.467
Dover,2014-01-20,7.5,3.1,0.02
Dover,2014-01-21,6.4,1.8,0.322
Dover,2014-01-22,7.3,4.1,1.37
Dover,2014-01-23,6.9,3.1,2.153
Dover,2014-01-24,6.9,2.2,1.955
Dover,2014-01-25,9.1,4.7,3.872
Dover,2014-01-26,8.7,2.9,3.757
Dover,2014-01-27,7.7,2.1,1.583
Dover,2014-01-28,7.1,5.1,7.15
Dover,2014-01-29,5.9,3.4,6.132
Dover,2014-01-30,6.5,3.9,2.018
Dover,2014-01-31,7.2,4.5,3.127
New Albany,2014-01-01,8.5,-1.1,0.0
New Albany,2014-01-02,4.9,-8.6,2.78
New Albany,2014-01-03,-4.6,-11.7,0.0
New Albany,2014-01-04,5.9,-7.4,0.0
New Albany,2014-01-05,12.6,-4.1,7.539
New Albany,2014-01-06,-7.1,-19.3,0.0
New Albany,2014-01-07,-9.1,-19.2,0.0
New Albany,2014-01-08,0.9,-11.5,0.0
New Albany,2014-01-09,5.8,-1.8,0.564
New Albany,2014-01-10,12.5,1.9,0.0
New Albany,2014-01-11,12.1,3.0,13.254
New Albany,2014-01-12,10.9,0.5,0.0
New Albany,2014-01-13,11.4,8.5,3.851
New Albany,2014-01-14,11.4,-0.9,0.292
New Albany,2014-01-15,1.3,-3.9,0.013
New Albany,2014-01-16,2.5,-6.6,0.08
New Albany,2014-01-17,1.5,-8.6,0.888
New Albany,2014-01-18,1.5,-8.3,0.0
New Albany,2014-01-19,4.1,-3.1,0.0
New Albany,2014-01-20,11.3,2.8,0.0
New Albany,2014-01-21,3.1,-12.5,1.77
New Albany,2014-01-22,-6.0,-15.4,0.0
New Albany,2014-01-23,-5.9,-15.4,0.0
New Albany,2014-01-24,-4.1,-16.9,0.0
New Albany,2014-01-25,3.9,-7.5,1.709
New Albany,2014-01-26,11.5,-8.6,0.0
New Albany,2014-01-27,9.6,-12.0,0.0
New Albany,2014-01-28,-10.4,-16.4,0.0
New Albany,2014-01-29,-3.0,-15.5,0.0
New Albany,2014-01-30,3.1,-10.9,0.0
New Albany,2014-01-31,6.8,0.3,0.0
New York City,2014-01-01,0.8,-4.4,0.0
New York City,2014-01-02,0.6,-7.1,2.716
New York City,2014-01-03,-7.8,-12.2,3.198
New York City,2014-01-04,-2.5,-13.1,0.0
New York City,2014-01-05,3.4,-3.7,1.425
New York City,2014-01-06,12.1,-4.0,3.465
New York City,2014-01-07,-6.9,-15.9,0.0
New York City,2014-01-08,-5.7,-13.0,0.0
New York City,2014-01-09,0.2,-5.8,0.0
New York City,2014-01-10,2.3,-1.5,9.45
New York City,2014-01-11,13.6,2.3,5.753
New York City,2014-01-12,12.6,3.3,0.462
New York City,2014-01-13,10.0,2.3,0.0
New York City,2014-01-14,9.7,6.7,4.377
New York City,2014-01-15,7.0,3.3,0.0
New York City,2014-01-16,4.8,2.2,0.0
New York City,2014-01-17,7.0,0.2,0.0
New York City,2014-01-18,3.8,-1.2,0.86
New York City,2014-01-19,2.8,-4.0,0.0
New York City,2014-01-20,7.3,1.0,0.0
New York City,2014-01-21,0.7,-11.1,1.319
New York City,2014-01-22,-8.1,-14.2,0.0
New York City,2014-01-23,-6.8,-13.3,0.0
New York City,2014-01-24,-7.0,-12.0,0.0
New York City,2014-01-25,-2.5,-7.9,0.962
New York City,2014-01-26,-0.7,-8.3,0.0
New York City,2014-01-27,6.5,-5.7,0.0
New York City,2014-01-28,-6.2,-10.9,0.0
New York City,2014-01-29,-5.7,-10.0,0.531
New York City,2014-01-30,-2.1,-8.8,0.0
New York City,2014-01-31,3.8,-4.1,0.0
Troy,2014-01-01,-9.1,-12.1,0.124
Troy,2014-01-02,-9.3,-15.5,0.103
Troy,2014-01-03,-10.1,-19.4,0.0
Troy,2014-01-04,-1.1,-11.0,0.549
Troy,2014-01-05,-1.0,-4.4,3.658
Troy,2014-01-06,-5.1,-25.1,0.678
Troy,2014-01-07,-17.3,-25.5,0.0
Troy,2014-01-08,-8.0,-18.5,0.0
Troy,2014-01-09,-5.8,-21.1,0.069
Troy,2014-01-10,3.1,-5.5,2.128
Troy,2014-01-11,5.5,0.9,2.283
Troy,2014-01-12,3.2,0.5,0.0
Troy,2014-01-13,6.9,2.7,0.0
Troy,2014-01-14,3.3,-3.8,0.0
Troy,2014-01-15,-0.2,-6.2,0.0
Troy,2014-01-16,-2.8,-6.9,0.448
Troy,2014-01-17,-0.2,-5.6,0.124
Troy,2014-01-18,-7.0,-12.0,0.045
Troy,2014-01-19,-2.1,-9.9,0.0
Troy,2014-01-20,-1.3,-11.0,0.0
Troy,2014-01-21,-11.5,-17.5,0.0
Troy,2014-01-22,-12.2,-20.4,0.045
Troy,2014-01-23,-9.4,-15.9,0.0
Troy,2014-01-24,-8.9,-16.9,0.0
Troy,2014-01-25,-3.6,-14.9,0.11
Troy,2014-01-26,-3.7,-16.7,0.366
Troy,2014-01-27,-5.3,-19.1,0.1
Troy,2014-01-28,-13.3,-22.4,0.0
Troy,2014-01-29,-8.1,-19.1,0.0
Troy,2014-01-30,-3.1,-12.5,0.058
Troy,2014-01-31,0.3,-3.1,0.0
Chicago,2014-01-01,-5.4,-10.6,0.949
Chicago,2014-01-02,-5.9,-14.9,0.685
Chicago,2014-01-03,-6.9,-19.9,0.0
Chicago,2014-01-04,0.2,-6.8,2.171
Chicago,2014-01-05,-1.2,-17.4,1.769
Chicago,2014-01-06,-18.3,-26.1,0.288
Chicago,2014-01-07,-16.3,-23.5,0.0
Chicago,2014-01-08,-9.7,-19.0,0.0
Chicago,2014-01-09,-2.5,-17.6,0.032
Chicago,2014-01-10,5.1,-2.2,12.389
Chicago,2014-01-11,4.7,0.0,1.202
Chicago,2014-01-12,6.2,-1.9,0.0
Chicago,2014-01-13,7.5,-1.4,0.0
Chicago,2014-01-14,1.8,-5.1,0.068
Chicago,2014-01-15,-5.6,-8.5,0.0
Chicago,2014-01-16,1.5,-7.0,0.123
Chicago,2014-01-17,-6.4,-10.3,0.128
Chicago,2014-01-18,-6.1,-11.9,0.703
Chicago,2014-01-19,3.3,-11.8,0.155
Chicago,2014-01-20,2.0,-7.1,0.264
Chicago,2014-01-21,-7.8,-17.0,0.415
Chicago,2014-01-22,-9.3,-17.0,0.0
Chicago,2014-01-23,-12.3,-19.1,0.0
Chicago,2014-01-24,-3.1,-20.9,0.068
Chicago,2014-01-25,0.7,-13.5,0.232
Chicago,2014-01-26,-0.5,-13.5,1.242
Chicago,2014-01-27,-13.9,-21.8,0.0
Chicago,2014-01-28,-16.1,-24.0,0.0
Chicago,2014-01-29,-5.8,-16.9,0.0
Chicago,2014-01-30,0.7,-6.8,0.0
Chicago,2014-01-31,-1.8,-7.4,0.196
Gilbert,2014-01-01,19.8,6.0,0.0
Gilbert,2014-01-02,23.4,6.8,0.0
Gilbert,2014-01-03,22.4,8.5,0.0
Gilbert,2014-01-04,18.9,8.5,0.0
Gilbert,2014-01-05,17.5,5.9,0.0
Gilbert,2014-01-06,18.9,5.6,0.0
Gilbert,2014-01-07,18.8,6.4,0.0
Gilbert,2014-01-08,19.4,6.0,0.0
Gilbert,2014-01-09,18.5,6.6,0.0
Gilbert,2014-01-10,17.8,5.0,0.0
Gilbert,2014-01-11,20.6,5.9,0.0
Gilbert,2014-01-12,19.1,7.7,0.0
Gilbert,2014-01-13,20.5,6.5,0.0
Gilbert,2014-01-14,22.1,5.2,0.0
Gilbert,2014-01-15,23.8,7.8,0.0
Gilbert,2014-01-16,23.1,6.7,0.0
Gilbert,2014-01-17,24.8,8.4,0.0
Gilbert,2014-01-18,23.2,8.3,0.0
Gilbert,2014-01-19,23.3,8.9,0.0
Gilbert,2014-01-20,23.4,8.4,0.0
Gilbert,2014-01-21,26.0,8.4,0.0
Gilbert,2014-01-22,24.4,12.8,0.0
Gilbert,2014-01-23,23.1,8.2,0.0
Gilbert,2014-01-24,20.4,13.9,0.0
Gilbert,2014-01-25,26.1,14.2,0.0
Gilbert,2014-01-26,21.5,9.7,0.0
Gilbert,2014-01-27,22.8,12.7,0.0
Gilbert,2014-01-28,21.6,8.3,0.0
Gilbert,2014-01-29,22.2,8.2,0.0
Gilbert,2014-01-30,23.9,10.2,0.0
Gilbert,2014-01-31,19.4,13.1,0.0
Springfield,2014-01-01,9.1,-5.9,0.25
Springfield,2014-01-02,-7.1,-13.9,1.347
Springfield,2014-01-03,1.1,-16.0,0.0
Springfield,2014-01-04,3.9,-2.0,0.244
Springfield,2014-01-05,1.0,-15.0,3.722
Springfield,2014-01-06,-16.1,-22.8,0.0
Springfield,2014-01-07,2.9,-21.8,0.0
Springfield,2014-01-08,2.9,-3.1,0.156
Springfield,2014-01-09,1.0,-1.1,0.0
Springfield,2014-01-10,9.1,1.0,5.723
Springfield,2014-01-11,10.0,0.0,0.0
Springfield,2014-01-12,18.9,-1.8,0.0
Springfield,2014-01-13,13.1,0.1,0.0
Springfield,2014-01-14,8.1,-0.9,0.0
Springfield,2014-01-15,0.8,-6.8,0.0
Springfield,2014-01-16,9.1,0.8,0.0
Springfield,2014-01-17,0.0,-7.0,0.0
Springfield,2014-01-18,10.0,-8.1,0.0
Springfield,2014-01-19,12.9,-7.9,0.0
Springfield,2014-01-20,14.1,-0.9,0.0
Springfield,2014-01-21,1.0,-11.8,0.0
Springfield,2014-01-22,3.1,-9.1,0.0
Springfield,2014-01-23,-4.1,-15.0,0.0
Springfield,2014-01-24,2.2,-17.0,0.0
Springfield,2014-01-25,10.6,-3.9,0.0
Springfield,2014-01-26,16.1,-1.0,0.0
Springfield,2014-01-27,0.8,-10.9,0.0
Springfield,2014-01-28,-6.1,-13.1,0.0
Springfield,2014-01-29,3.9,-13.9,0.0
Springfield,2014-01-30,8.9,-3.1,0.0
Springfield,2014-01-31,3.9,-1.8,0.122
Jackson,2014-01-01,14.5,2.8,3.278
Jackson,2014-01-02,13.1,-0.1,7.153
Jackson,2014-01-03,4.4,-4.0,0.0
Jackson,2014-01-04,14.2,-4.4,0.0
Jackson,2014-01-05,18.0,-1.1,2.907
Jackson,2014-01-06,-2.1,-8.5,0.0
Jackson,2014-01-07,-0.8,-9.4,0.0
Jackson,2014-01-08,8.7,-7.3,0.0
Jackson,2014-01-09,17.0,4.1,0.0
Jackson,2014-01-10,18.1,5.6,0.53
Jackson,2014-01-11,19.1,5.1,8.719
Jackson,2014-01-12,19.2,0.7,0.0
Jackson,2014-01-13,15.7,8.9,9.979
Jackson,2014-01-14,17.7,3.6,0.0
Jackson,2014-01-15,9.8,-1.2,0.0
Jackson,2014-01-16,16.8,-2.3,0.0
Jackson,2014-01-17,10.0,-1.3,0.0
Jackson,2014-01-18,16.0,-3.5,0.0
Jackson,2014-01-19,16.0,4.0,0.0
Jackson,2014-01-20,20.0,-1.3,0.0
Jackson,2014-01-21,12.0,-2.1,0.0
Jackson,2014-01-22,9.2,-5.5,0.0
Jackson,2014-01-23,6.8,-2.7,0.0
Jackson,2014-01-24,2.7,-4.2,0.0
Jackson,2014-01-25,14.5,-5.3,0.0
Jackson,2014-01-26,18.5,0.7,0.0
Jackson,2014-01-27,11.8,-0.9,0.0
Jackson,2014-01-28,-1.1,-5.9,0.445
Jackson,2014-01-29,0.9,-7.3,0.0
Jackson,2014-01-30,9.2,-8.5,0.0
Jackson,2014-01-31,17.0,-0.2,0.0
Memphis,2014-01-01,11.6,-2.0,0.159
Memphis,2014-01-02,9.9,-4.2,1.979
Memphis,2014-01-03,1.5,-7.7,0.0
Memphis,2014-01-04,10.1,-2.6,0.0
Memphis,2014-01-05,10.8,-6.2,7.303
Memphis,2014-01-06,-7.9,-11.9,0.0
Memphis,2014-01-07,-2.2,-13.5,0.0
Memphis,2014-01-08,5.4,-6.3,0.285
Memphis,2014-01-09,5.7,0.5,8.533
Memphis,2014-01-10,13.8,6.5,13.295
Memphis,2014-01-11,14.0,6.0,6.881
Memphis,2014-01-12,15.5,-0.3,0.0
Memphis,2014-01-13,13.2,7.1,6.196
Memphis,2014-01-14,15.5,1.1,0.0
Memphis,2014-01-15,5.7,-3.9,0.0
Memphis,2014-01-16,11.9,-3.5,0.0
Memphis,2014-01-17,5.6,-2.7,0.0
Memphis,2014-01-18,12.8,-5.4,0.0
Memphis,2014-01-19,9.6,-0.3,0.0
Memphis,2014-01-20,17.5,2.2,0.0
Memphis,2014-01-21,8.2,-6.4,0.0
Memphis,2014-01-22,3.4,-8.1,0.0
Memphis,2014-01-23,-1.0,-8.2,0.0
Memphis,2014-01-24,-0.9,-12.5,0.0
Memphis,2014-01-25,11.0,-1.9,0.0
Memphis,2014-01-26,17.0,-1.9,0.0
Memphis,2014-01-27,10.2,-6.0,0.0
Memphis,2014-01-28,-4.6,-9.7,0.0
Memphis,2014-01-29,0.8,-12.2,0.0
Memphis,2014-01-30,6.7,-7.4,0.0
Memphis,2014-01-31,13.6,4.5,0.0
Decatur,2014-01-01,2.0,-7.0,0.002
Decatur,2014-01-02,-6.8,-14.0,0.0
Decatur,2014-01-03,-6.1,-20.0,0.0
Decatur,2014-01-04,2.1,-6.1,0.003
Decatur,2014-01-05,0.8,-17.1,0.016
Decatur,2014-01-06,-19.0,-23.9,0.0
Decatur,2014-01-07,-10.9,-22.2,0.0
Decatur,2014-01-08,-6.9,-12.2,0.0
Decatur,2014-01-09,0.0,-10.8,0.0
Decatur,2014-01-10,5.0,0.0,7.81
Decatur,2014-01-11,5.8,0.8,0.51
Decatur,2014-01-12,8.1,-3.1,0.003
Decatur,2014-01-13,11.0,-0.9,0.0
Decatur,2014-01-14,4.1,-3.2,0.378
Decatur,2014-01-15,-3.2,-7.9,0.0
Decatur,2014-01-16,4.1,-5.0,0.0
Decatur,2014-01-17,-5.0,-12.9,0.0
Decatur,2014-01-18,0.0,-11.1,0.0
Decatur,2014-01-19,5.0,-8.2,0.151
Decatur,2014-01-20,6.0,-2.0,0.0
Decatur,2014-01-21,-1.0,-15.8,0.002
Decatur,2014-01-22,-5.8,-15.8,0.0
Decatur,2014-01-23,-14.1,-19.0,0.0
Decatur,2014-01-24,-2.1,-20.0,0.0
Decatur,2014-01-25,1.7,-9.2,0.0
Decatur,2014-01-26,8.9,-8.9,0.0
Decatur,2014-01-27,-8.2,-17.1,0.0
Decatur,2014-01-28,-10.0,-19.2,0.0
Decatur,2014-01-29,-1.1,-14.9,0.0
Decatur,2014-01-30,3.1,-6.8,0.006
Decatur,2014-01-31,0.7,-5.9,0.002
Durham,2014-01-01,9.7,-1.3,0.0
Durham,2014-01-02,8.9,2.3,3.732
Durham,2014-01-03,5.7,-5.6,0.0
Durham,2014-01-04,2.5,-7.1,0.0
Durham,2014-01-05,14.8,2.5,0.0
Durham,2014-01-06,15.5,-7.3,1.88
Durham,2014-01-07,-4.3,-12.9,0.0
Durham,2014-01-08,5.7,-9.6,0.0
Durham,2014-01-09,11.5,-3.8,0.0
Durham,2014-01-10,6.3,3.6,7.635
Durham,2014-01-11,19.5,6.3,4.704
Durham,2014-01-12,14.0,3.1,0.0
Durham,2014-01-13,15.9,1.1,0.0
Durham,2014-01-14,11.7,3.2,4.072
Durham,2014-01-15,14.6,0.6,0.0
Durham,2014-01-16,6.5,0.2,1.047
Durham,2014-01-17,12.6,-1.6,0.0
Durham,2014-01-18,7.7,-2.5,0.0
Durham,2014-01-19,11.5,-1.2,0.0
Durham,2014-01-20,17.1,-1.4,0.0
Durham,2014-01-21,9.5,-2.7,0.661
Durham,2014-01-22,-1.2,-7.0,0.0
Durham,2014-01-23,2.8,-9.2,0.0
Durham,2014-01-24,-3.2,-11.2,0.0
Durham,2014-01-25,4.3,-7.3,0.0
Durham,2014-01-26,11.0,-5.6,0.0
Durham,2014-01-27,17.5,1.7,0.0
Durham,2014-01-28,0.6,-7.8,1.549
Durham,2014-01-29,-2.9,-9.2,0.605
Durham,2014-01-30,2.8,-14.6,0.0
Durham,2014-01-31,11.0,-9.8,0.0
Columbia,2014-01-01,21.0,7.8,0.0
Columbia,2014-01-02,21.4,5.0,0.0
Columbia,2014-01-03,20.3,6.8,0.0
Columbia,2014-01-04,18.4,7.0,0.9
Columbia,2014-01-05,22.1,7.8,1.3
Columbia,2014-01-06,18.3,12.0,2.4
Columbia,2014-01-07,18.0,10.0,6.9
Columbia,2014-01-08,19.0,11.9,19.5
Columbia,2014-01-09,20.6,9.0,7.3
Columbia,2014-01-10,29.7,6.0,2.8
Columbia,2014-01-11,21.3,10.0,0.0
Columbia,2014-01-12,20.2,11.0,0.0
Columbia,2014-01-13,19.4,7.5,0.0
Columbia,2014-01-14,25.1,7.0,0.0
Columbia,2014-01-15,20.3,7.5,0.0
Columbia,2014-01-16,21.3,7.0,0.2
Columbia,2014-01-17,19.4,9.0,2.8
Columbia,2014-01-18,18.4,11.5,0.7
Columbia,2014-01-19,20.2,10.0,2.6
Columbia,2014-01-20,22.3,7.0,2.6
Columbia,2014-01-21,21.3,7.0,1.1
Columbia,2014-01-22,19.4,10.0,6.0
Columbia,2014-01-23,20.4,8.0,0.5
Columbia,2014-01-24,21.4,3.0,1.0
Columbia,2014-01-25,20.3,9.3,0.7
Columbia,2014-01-26,18.4,9.0,0.0
Columbia,2014-01-27,19.8,7.0,0.0
Columbia,2014-01-28,21.8,9.0,0.0
Columbia,2014-01-29,20.3,8.0,0.0
Columbia,2014-01-30,20.3,10.2,1.9
Columbia,2014-01-31,20.3,10.4,0.1
Henderson,2014-02-01,11.4,3.9,0.0
Henderson,2014-02-02,9.2,-0.5,0.0
Henderson,2014-02-03,12.4,3.7,0.0
Henderson,2014-02-04,12.5,3.2,0.0
Henderson,2014-02-05,13.5,2.8,0.0
Henderson,2014-02-06,11.3,4.6,0.141
Henderson,2014-02-07,13.4,5.4,0.0
Henderson,2014-02-08,17.0,4.9,0.0
Henderson,2014-02-09,17.6,6.5,0.0
Henderson,2014-02-10,22.4,7.8,0.0
Henderson,2014-02-11,19.1,6.8,0.0
Henderson,2014-02-12,20.7,6.8,0.0
Henderson,2014-02-13,22.8,8.0,0.0
Henderson,2014-02-14,22.5,8.8,0.0
Henderson,2014-02-15,20.6,8.6,0.0
Henderson,2014-02-16,26.8,12.1,0.0
Henderson,2014-02-17,24.4,9.1,0.0
Henderson,2014-02-18,24.0,9.4,0.0
Henderson,2014-02-19,25.5,11.6,0.0
Henderson,2014-02-20,16.0,8.5,0.0
Henderson,2014-02-21,20.6,5.0,0.0
Henderson,2014-02-22,22.3,7.1,0.0
Henderson,2014-02-23,23.1,8.9,0.0
Henderson,2014-02-24,23.9,8.0,0.0
Henderson,2014-02-25,24.1,8.3,0.0
Henderson,2014-02-26,22.7,10.1,0.0
Henderson,2014-02-27,21.5,13.8,0.02
Henderson,2014-02-28,14.7,11.1,9.122
Los Angeles,2014-02-01,18.6,10.4,0.0
Los Angeles,2014-02-02,16.5,8.4,2.122
Los Angeles,2014-02-03,16.4,8.1,0.045
Los Angeles,2014-02-04,16.1,8.8,0.0
Los Angeles,2014-02-05,17.5,9.5,0.0
Los Angeles,2014-02-06,15.1,11.7,1.886
Los Angeles,2014-02-07,16.5,10.2,0.068
Los Angeles,2014-02-08,18.4,11.5,0.0
Los Angeles,2014-02-09,18.1,13.1,0.0
Los Angeles,2014-02-10,21.3,12.3,0.0
Los Angeles,2014-02-11,21.9,11.3,0.0
Los Angeles,2014-02-12,25.8,11.3,0.045
Los Angeles,2014-02-13,25.5,11.4,0.0
Los Angeles,2014-02-14,25.3,10.8,0.0
Los Angeles,2014-02-15,25.3,11.3,0.0
Los Angeles,2014-02-16,22.8,12.9,0.0
Los Angeles,2014-02-17,20.5,10.8,0.045
Los Angeles,2014-02-18,19.4,13.3,0.0
Los Angeles,2014-02-19,18.2,12.2,0.0
Los Angeles,2014-02-20,26.7,10.8,0.0
Los Angeles,2014-02-21,25.6,13.4,0.0
Los Angeles,2014-02-22,23.2,11.0,0.0
Los Angeles,2014-02-23,21.7,10.1,0.0
Los Angeles,2014-02-24,21.9,11.2,0.0
Los Angeles,2014-02-25,20.7,13.6,0.0
Los Angeles,2014-02-26,18.6,13.8,0.106
Los Angeles,2014-02-27,20.4,13.2,18.15
Los Angeles,2014-02-28,16.8,13.8,45.747
Fort Lauderdale,2014-02-01,26.5,22.3,0.0
Fort Lauderdale,2014-02-02,26.0,22.1,1.262
Fort Lauderdale,2014-02-03,26.7,23.1,0.078
Fort Lauderdale,2014-02-04,26.5,22.6,0.049
Fort Lauderdale,2014-02-05,27.5,21.2,18.76
Fort Lauderdale,2014-02-06,26.6,21.5,0.113
Fort Lauderdale,2014-02-07,24.9,19.9,0.0
Fort Lauderdale,2014-02-08,27.2,19.2,0.08
Fort Lauderdale,2014-02-09,24.4,18.3,0.0
Fort Lauderdale,2014-02-10,25.7,17.2,0.0
Fort Lauderdale,2014-02-11,27.1,21.0,0.029
Fort Lauderdale,2014-02-12,27.7,17.1,9.182
Fort Lauderdale,2014-02-13,23.8,14.6,8.038
Fort Lauderdale,2014-02-14,21.0,9.6,0.0
Fort Lauderdale,2014-02-15,26.6,13.5,0.0
Fort Lauderdale,2014-02-16,24.1,10.4,0.0
Fort Lauderdale,2014-02-17,25.0,15.4,0.0
Fort Lauderdale,2014-02-18,26.4,18.5,0.0
Fort Lauderdale,2014-02-19,26.4,21.9,0.0
Fort Lauderdale,2014-02-20,27.1,22.8,0.0
Fort Lauderdale,2014-02-21,28.6,24.2,0.0
Fort Lauderdale,2014-02-22,29.0,22.3,0.0
Fort Lauderdale,2014-02-23,28.8,22.2,0.0
Fort Lauderdale,2014-02-24,29.8,21.4,0.0
Fort Lauderdale,2014-02-25,30.3,21.1,0.0
Fort Lauderdale,2014-02-26,30.1,19.3,0.081
Fort Lauderdale,2014-02-27,25.9,18.9,3.2
Fort Lauderdale,2014-02-28,23.6,17.1,1.013
Concord,2014-02-01,15.0,1.0,0.0
Concord,2014-02-02,10.0,4.1,5.727
Concord,2014-02-03,13.1,3.1,0.0
Concord,2014-02-04,12.0,2.1,0.0
Concord,2014-02-05,13.1,1.8,2.387
Concord,2014-02-06,10.8,6.8,15.457
Concord,2014-02-07,11.8,10.0,5.741
Concord,2014-02-08,15.0,11.0,14.169
Concord,2014-02-09,15.8,13.1,24.102
Concord,2014-02-10,16.0,11.0,0.165
Concord,2014-02-11,16.8,7.1,0.001
Concord,2014-02-12,15.8,6.1,0.165
Concord,2014-02-13,20.8,10.0,0.0
Concord,2014-02-14,17.9,11.1,0.002
Concord,2014-02-15,16.0,9.1,0.166
Concord,2014-02-16,17.0,7.0,0.003
Concord,2014-02-17,16.8,4.1,0.0
Concord,2014-02-18,18.1,5.8,0.0
Concord,2014-02-19,18.1,10.0,0.0
Concord,2014-02-20,19.1,4.2,0.0
Concord,2014-02-21,21.8,5.8,0.0
Concord,2014-02-22,21.8,5.8,0.0
Concord,2014-02-23,21.8,5.0,0.172
Concord,2014-02-24,22.0,5.0,0.176
Concord,2014-02-25,17.9,6.7,0.0
Concord,2014-02-26,15.0,10.8,19.843
Concord,2014-02-27,18.1,12.0,1.123
Concord,2014-02-28,15.0,11.1,26.667
Seattle,2014-02-01,7.7,2.9,0.76
Seattle,2014-02-02,7.7,1.1,0.0
Seattle,2014-02-03,4.7,1.8,0.0
Seattle,2014-02-04,2.8,-2.9,0.0
Seattle,2014-02-05,-0.3,-5.4,0.0
Seattle,2014-02-06,-1.1,-6.1,0.0
Seattle,2014-02-07,2.9,-4.0,0.0
Seattle,2014-02-08,5.8,-0.4,2.587
Seattle,2014-02-09,3.8,0.2,0.454
Seattle,2014-02-10,10.5,2.7,13.494
Seattle,2014-02-11,12.0,6.7,17.527
Seattle,2014-02-12,12.5,7.8,3.028
Seattle,2014-02-13,13.0,7.7,1.337
Seattle,2014-02-14,12.0,5.0,9.31
Seattle,2014-02-15,10.4,3.1,12.038
Seattle,2014-02-16,9.1,4.5,25.62
Seattle,2014-02-17,8.7,4.8,16.795
Seattle,2014-02-18,9.6,6.0,15.75
Seattle,2014-02-19,8.6,4.5,0.482
Seattle,2014-02-20,10.1,5.8,1.495
Seattle,2014-02-21,6.7,3.9,4.365
Seattle,2014-02-22,5.7,2.9,2.243
Seattle,2014-02-23,7.7,3.7,4.893
Seattle,2014-02-24,6.6,3.6,10.076
Seattle,2014-02-25,11.0,5.2,0.281
Seattle,2014-02-26,14.6,4.2,0.0
Seattle,2014-02-27,12.5,6.2,0.0
Seattle,2014-02-28,13.0,6.0,0.0
Fort Worth,2014-02-01,18.4,5.4,0.0
Fort Worth,2014-02-02,4.8,-0.8,3.558
Fort Worth,2014-02-03,4.7,-1.3,0.086
Fort Worth,2014-02-04,9.4,3.2,3.095
Fort Worth,2014-02-05,3.3,-5.2,0.0
Fort Worth,2014-02-06,-4.4,-8.8,0.538
Fort Worth,2014-02-07,-0.3,-5.2,0.0
Fort Worth,2014-02-08,14.7,-0.3,0.0
Fort Worth,2014-02-09,8.0,2.5,0.0
Fort Worth,2014-02-10,2.2,-1.5,0.181
Fort Worth,2014-02-11,1.3,-2.5,0.203
Fort Worth,2014-02-12,10.3,-0.6,0.0
Fort Worth,2014-02-13,21.2,-0.6,0.0
Fort Worth,2014-02-14,21.7,6.7,0.0
Fort Worth,2014-02-15,21.3,2.2,0.0
Fort Worth,2014-02-16,23.9,8.0,0.0
Fort Worth,2014-02-17,22.9,11.1,0.0
Fort Worth,2014-02-18,28.2,6.6,0.0
Fort Worth,2014-02-19,20.8,14.9,0.0
Fort Worth,2014-02-20,22.1,7.8,0.0
Fort Worth,2014-02-21,19.6,2.3,0.0
Fort Worth,2014-02-22,24.5,10.2,0.0
Fort Worth,2014-02-23,20.3,9.5,0.0
Fort Worth,2014-02-24,12.5,6.0,0.0
Fort Worth,2014-02-25,11.3,6.2,0.244
Fort Worth,2014-02-26,6.3,-0.5,0.0
Fort Worth,2014-02-27,13.2,-2.8,0.0
Fort Worth,2014-02-28,29.2,6.1,0.0
Madison,2014-02-01,-6.3,-14.8,3.154
Madison,2014-02-02,-9.0,-20.5,0.0
Madison,2014-02-03,-7.7,-24.1,0.0
Madison,2014-02-04,-7.8,-17.9,0.0
Madison,2014-02-05,-7.8,-15.0,0.732
Madison,2014-02-06,-13.8,-20.9,0.0
Madison,2014-02-07,-10.7,-19.4,0.0
Madison,2014-02-08,-10.5,-22.9,1.311
Madison,2014-02-09,-8.0,-18.4,0.0
Madison,2014-02-10,-12.8,-24.0,0.0
Madison,2014-02-11,-11.6,-26.1,0.0
Madison,2014-02-12,-7.8,-16.9,1.024
Madison,2014-02-13,-0.9,-9.3,1.624
Madison,2014-02-14,-5.7,-13.2,0.0
Madison,2014-02-15,-7.8,-20.4,0.488
Madison,2014-02-16,-5.9,-10.7,0.0
Madison,2014-02-17,-3.8,-8.0,5.68
Madison,2014-02-18,6.4,-9.5,0.0
Madison,2014-02-19,6.8,-1.1,0.0
Madison,2014-02-20,3.9,0.8,11.718
Madison,2014-02-21,1.8,-7.1,0.045
Madison,2014-02-22,-2.6,-9.2,0.0
Madison,2014-02-23,-4.2,-13.0,0.0
Madison,2014-02-24,-5.8,-13.8,0.0
Madison,2014-02-25,-9.2,-16.7,0.0
Madison,2014-02-26,-9.2,-20.7,0.0
Madison,2014-02-27,-11.9,-20.3,0.372
Madison,2014-02-28,-5.7,-22.2,0.929
West Jordan,2014-02-01,1.1,-2.4,0.07
West Jordan,2014-02-02,1.6,-2.8,0.0
West Jordan,2014-02-03,3.4,-5.0,0.026
West Jordan,2014-02-04,-0.7,-7.3,2.085
West Jordan,2014-02-05,0.0,-8.0,0.0
West Jordan,2014-02-06,0.3,-6.4,0.0
West Jordan,2014-02-07,5.6,-2.8,0.259
West Jordan,2014-02-08,7.0,4.6,4.441
West Jordan,2014-02-09,7.6,3.4,4.416
West Jordan,2014-02-10,7.7,1.2,7.128
West Jordan,2014-02-11,8.5,0.3,0.0
West Jordan,2014-02-12,8.6,2.2,0.607
West Jordan,2014-02-13,15.0,6.2,4.204
West Jordan,2014-02-14,12.2,5.5,0.14
West Jordan,2014-02-15,15.2,5.7,0.0
West Jordan,2014-02-16,13.6,1.3,0.244
West Jordan,2014-02-17,14.4,0.2,0.0
West Jordan,2014-02-18,11.2,0.4,0.0
West Jordan,2014-02-19,9.9,0.3,0.996
West Jordan,2014-02-20,6.1,-0.7,0.0
West Jordan,2014-02-21,10.3,0.4,0.0
West Jordan,2014-02-22,11.2,0.5,0.0
West Jordan,2014-02-23,15.2,1.3,0.0
West Jordan,2014-02-24,15.4,5.1,0.0
West Jordan,2014-02-25,16.6,3.8,0.0
West Jordan,2014-02-26,17.5,4.1,0.0
West Jordan,2014-02-27,13.5,5.3,13.468
West Jordan,2014-02-28,13.0,4.3,2.37
San Francisco,2014-02-01,13.8,4.3,0.0
San Francisco,2014-02-02,10.5,7.9,14.233
San Francisco,2014-02-03,13.0,6.5,0.0
San Francisco,2014-02-04,12.4,5.3,0.0
San Francisco,2014-02-05,12.4,4.8,1.377
San Francisco,2014-02-06,11.3,8.6,14.177
San Francisco,2014-02-07,13.0,10.5,6.05
San Francisco,2014-02-08,14.6,12.1,9.704
San Francisco,2014-02-09,15.1,13.3,10.196
San Francisco,2014-02-10,13.7,10.4,0.0
San Francisco,2014-02-11,12.8,10.0,0.063
San Francisco,2014-02-12,14.4,9.3,0.0
San Francisco,2014-02-13,18.1,10.8,0.0
San Francisco,2014-02-14,17.7,12.7,0.124
San Francisco,2014-02-15,15.7,10.8,0.0
San Francisco,2014-02-16,16.9,9.2,0.188
San Francisco,2014-02-17,15.2,6.5,0.0
San Francisco,2014-02-18,15.9,7.7,0.0
San Francisco,2014-02-19,16.8,10.6,0.126
San Francisco,2014-02-20,17.5,7.4,0.0
San Francisco,2014-02-21,19.5,7.4,0.0
San Francisco,2014-02-22,18.1,7.4,0.0
San Francisco,2014-02-23,17.6,8.2,13.543
San Francisco,2014-02-24,21.6,7.4,12.195
San Francisco,2014-02-25,17.0,9.3,0.0
San Francisco,2014-02-26,15.3,12.4,11.227
San Francisco,2014-02-27,17.5,12.9,2.71
San Francisco,2014-02-28,16.2,12.5,18.381
Fremont,2014-02-01,15.1,2.6,0.0
Fremont,2014-02-02,9.7,5.9,8.334
Fremont,2014-02-03,13.0,4.9,0.0
Fremont,2014-02-04,12.3,2.8,0.0
Fremont,2014-02-05,13.1,3.1,0.0
Fremont,2014-02-06,11.9,8.0,10.658
Fremont,2014-02-07,12.9,9.6,2.248
Fremont,2014-02-08,15.7,12.4,2.44
Fremont,2014-02-09,16.3,13.5,3.516
Fremont,2014-02-10,15.2,10.6,0.164
Fremont,2014-02-11,15.0,9.6,0.0
Fremont,2014-02-12,16.4,8.7,0.0
Fremont,2014-02-13,20.0,10.1,0.0
Fremont,2014-02-14,16.9,11.6,0.0
Fremont,2014-02-15,16.0,9.2,0.0
Fremont,2014-02-16,17.4,8.7,0.628
Fremont,2014-02-17,15.4,5.0,0.0
Fremont,2014-02-18,16.4,6.1,0.0
Fremont,2014-02-19,16.9,9.2,0.358
Fremont,2014-02-20,18.4,5.9,0.0
Fremont,2014-02-21,20.6,5.8,0.0
Fremont,2014-02-22,20.3,6.3,0.0
Fremont,2014-02-23,19.7,7.5,0.0
Fremont,2014-02-24,22.5,6.5,0.0
Fremont,2014-02-25,18.1,7.7,0.0
Fremont,2014-02-26,15.6,11.4,11.589
Fremont,2014-02-27,18.2,11.8,1.601
Fremont,2014-02-28,15.4,11.7,21.622
Philadelphia,2014-02-01,8.9,-0.9,0.0
Philadelphia,2014-02-02,12.1,-1.2,0.0
Philadelphia,2014-02-03,6.7,-0.5,25.455
Philadelphia,2014-02-04,0.9,-5.0,1.051
Philadelphia,2014-02-05,3.1,0.0,33.91
Philadelphia,2014-02-06,0.2,-4.4,0.0
Philadelphia,2014-02-07,1.7,-4.8,0.0
Philadelphia,2014-02-08,-1.9,-4.5,0.0
Philadelphia,2014-02-09,-1.0,-5.1,3.627
Philadelphia,2014-02-10,-1.6,-5.6,0.0
Philadelphia,2014-02-11,-3.2,-9.5,0.0
Philadelphia,2014-02-12,-3.0,-12.1,0.517
Philadelphia,2014-02-13,2.2,-4.3,29.988
Philadelphia,2014-02-14,6.7,0.0,4.984
Philadelphia,2014-02-15,2.9,-0.9,2.66
Philadelphia,2014-02-16,-1.8,-6.1,0.0
Philadelphia,2014-02-17,0.8,-7.4,0.0
Philadelphia,2014-02-18,6.2,-3.0,3.963
Philadelphia,2014-02-19,7.4,-2.2,8.189
Philadelphia,2014-02-20,10.9,-1.3,0.0
Philadelphia,2014-02-21,14.3,2.4,3.205
Philadelphia,2014-02-22,13.7,-0.4,0.0
Philadelphia,2014-02-23,12.9,3.6,0.031
Philadelphia,2014-02-24,4.1,-0.3,0.2
Philadelphia,2014-02-25,1.7,-3.2,0.0
Philadelphia,2014-02-26,0.6,-5.4,1.989
Philadelphia,2014-02-27,0.9,-8.2,0.0
Philadelphia,2014-02-28,-4.1,-12.0,0.0
Houston,2014-02-01,23.5,17.0,0.014
Houston,2014-02-02,19.9,4.1,5.119
Houston,2014-02-03,10.1,3.5,0.0
Houston,2014-02-04,10.3,7.3,4.807
Houston,2014-02-05,9.8,4.0,0.014
Houston,2014-02-06,3.7,0.2,0.014
Houston,2014-02-07,4.0,1.5,0.0
Houston,2014-02-08,14.7,4.0,0.0
Houston,2014-02-09,18.9,9.1,0.0
Houston,2014-02-10,15.9,4.1,10.475
Houston,2014-02-11,4.7,1.2,2.433
Houston,2014-02-12,10.1,1.1,0.016
Houston,2014-02-13,17.8,3.5,0.0
Houston,2014-02-14,25.5,9.5,0.0
Houston,2014-02-15,18.9,9.7,0.0
Houston,2014-02-16,23.9,13.0,0.0
Houston,2014-02-17,26.6,18.1,0.0
Houston,2014-02-18,26.5,18.0,0.0
Houston,2014-02-19,24.9,17.9,0.0
Houston,2014-02-20,25.0,15.9,8.873
Houston,2014-02-21,19.5,9.9,0.0
Houston,2014-02-22,20.4,11.5,0.0
Houston,2014-02-23,26.3,16.0,0.28
Houston,2014-02-24,19.5,17.4,0.0
Houston,2014-02-25,26.7,17.0,8.859
Houston,2014-02-26,15.5,4.0,6.798
Houston,2014-02-27,13.8,2.0,0.0
Houston,2014-02-28,22.0,7.2,0.023
Richardson,2014-02-01,18.6,5.5,0.0
Richardson,2014-02-02,4.0,-1.2,4.288
Richardson,2014-02-03,5.4,-1.5,0.0
Richardson,2014-02-04,7.7,3.2,3.962
Richardson,2014-02-05,3.5,-4.6,0.263
Richardson,2014-02-06,-4.2,-8.5,0.991
Richardson,2014-02-07,-0.1,-4.7,0.176
Richardson,2014-02-08,10.8,-0.6,0.0
Richardson,2014-02-09,8.0,2.9,0.0
Richardson,2014-02-10,2.7,-1.2,0.24
Richardson,2014-02-11,1.8,-2.1,0.031
Richardson,2014-02-12,10.0,-0.9,0.0
Richardson,2014-02-13,18.5,0.1,0.0
Richardson,2014-02-14,21.5,6.8,0.0
Richardson,2014-02-15,20.1,2.6,0.0
Richardson,2014-02-16,23.3,8.6,0.0
Richardson,2014-02-17,22.8,11.3,0.0
Richardson,2014-02-18,26.0,8.3,0.0
Richardson,2014-02-19,21.1,16.0,0.0
Richardson,2014-02-20,21.9,8.3,0.0
Richardson,2014-02-21,18.6,3.2,0.0
Richardson,2014-02-22,23.1,8.7,0.0
Richardson,2014-02-23,21.3,9.9,0.0
Richardson,2014-02-24,13.2,6.3,0.0
Richardson,2014-02-25,11.6,5.7,1.074
Richardson,2014-02-26,5.6,-0.2,0.05
Richardson,2014-02-27,12.0,-2.7,0.0
Richardson,2014-02-28,26.5,6.1,0.0
Naperville,2014-02-01,-0.8,-6.7,2.393
Naperville,2014-02-02,-6.9,-18.9,0.0
Naperville,2014-02-03,-9.0,-23.3,0.0
Naperville,2014-02-04,-5.0,-15.5,0.0
Naperville,2014-02-05,-4.2,-13.7,0.127
Naperville,2014-02-06,-15.5,-21.7,0.0
Naperville,2014-02-07,-12.1,-22.4,0.0
Naperville,2014-02-08,-9.6,-16.3,0.127
Naperville,2014-02-09,-9.5,-18.0,0.0
Naperville,2014-02-10,-13.8,-23.5,0.0
Naperville,2014-02-11,-12.3,-24.4,0.0
Naperville,2014-02-12,-6.2,-22.4,0.0
Naperville,2014-02-13,-1.0,-13.5,0.115
Naperville,2014-02-14,-7.0,-14.3,0.0
Naperville,2014-02-15,-6.7,-18.3,0.254
Naperville,2014-02-16,-3.6,-9.0,0.0
Naperville,2014-02-17,-0.9,-5.6,2.498
Naperville,2014-02-18,5.3,-9.6,0.115
Naperville,2014-02-19,3.5,-2.5,0.0
Naperville,2014-02-20,7.3,1.0,13.813
Naperville,2014-02-21,1.9,-3.1,0.0
Naperville,2014-02-22,-0.8,-5.9,0.0
Naperville,2014-02-23,-4.0,-9.7,0.0
Naperville,2014-02-24,-5.8,-12.0,0.0
Naperville,2014-02-25,-6.6,-14.4,0.0
Naperville,2014-02-26,-8.5,-18.4,0.0
Naperville,2014-02-27,-8.1,-17.7,0.0
Naperville,2014-02-28,-1.7,-18.2,0.0
Melbourne,2014-02-01,32.3,17.9,0.0
Melbourne,2014-02-02,39.0,14.2,0.0
Melbourne,2014-02-03,35.0,16.6,0.342
Melbourne,2014-02-04,25.0,13.0,0.019
Melbourne,2014-02-05,30.2,10.2,0.0
Melbourne,2014-02-06,35.0,13.7,0.0
Melbourne,2014-02-07,35.2,18.6,0.0
Melbourne,2014-02-08,40.7,15.6,0.0
Melbourne,2014-02-09,38.7,17.6,0.0
Melbourne,2014-02-10,24.2,13.0,0.0
Melbourne,2014-02-11,26.5,12.2,0.0
Melbourne,2014-02-12,28.2,14.0,0.0
Melbourne,2014-02-13,26.5,17.9,0.0
Melbourne,2014-02-14,27.1,16.6,0.0
Melbourne,2014-02-15,27.5,19.7,1.0
Melbourne,2014-02-16,21.9,16.4,1.083
Melbourne,2014-02-17,24.6,13.5,0.0
Melbourne,2014-02-18,29.7,11.6,0.0
Melbourne,2014-02-19,24.7,13.2,10.745
Melbourne,2014-02-20,19.3,10.7,2.962
Melbourne,2014-02-21,18.8,11.8,0.055
Melbourne,2014-02-22,19.3,12.0,0.231
Melbourne,2014-02-23,24.0,12.9,0.0
Melbourne,2014-02-24,25.4,12.5,0.0
Melbourne,2014-02-25,33.8,12.5,0.0
Melbourne,2014-02-26,20.0,12.9,0.275
Melbourne,2014-02-27,20.5,10.7,0.0
Melbourne,2014-02-28,22.7,10.7,0.0
Eagan,2014-02-01,-5.7,-17.7,0.0
Eagan,2014-02-02,-10.4,-21.8,0.0
Eagan,2014-02-03,-8.4,-18.7,0.0
Eagan,2014-02-04,-11.5,-18.0,0.0
Eagan,2014-02-05,-15.4,-19.0,0.0
Eagan,2014-02-06,-15.4,-22.8,0.0
Eagan,2014-02-07,-10.6,-20.0,0.0
Eagan,2014-02-08,-9.2,-20.5,0.0
Eagan,2014-02-09,-11.2,-19.9,0.0
Eagan,2014-02-10,-13.1,-23.0,0.0
Eagan,2014-02-11,-11.0,-24.2,0.0
Eagan,2014-02-12,-4.2,-10.9,0.537
Eagan,2014-02-13,-1.3,-13.4,0.0
Eagan,2014-02-14,-8.5,-16.5,0.0
Eagan,2014-02-15,-6.7,-17.7,1.799
Eagan,2014-02-16,-5.3,-14.6,0.0
Eagan,2014-02-17,-1.4,-7.8,5.665
Eagan,2014-02-18,6.2,-9.1,0.0
Eagan,2014-02-19,4.1,-5.8,0.0
Eagan,2014-02-20,2.1,-6.5,16.419
Eagan,2014-02-21,-8.1,-13.4,2.095
Eagan,2014-02-22,-9.3,-14.5,0.0
Eagan,2014-02-23,-7.8,-16.6,0.0
Eagan,2014-02-24,-10.3,-17.9,0.17
Eagan,2014-02-25,-14.0,-20.3,0.0
Eagan,2014-02-26,-6.7,-22.6,0.0
Eagan,2014-02-27,-17.4,-24.9,0.0
Eagan,2014-02-28,-9.5,-22.2,0.544
Westland,2014-02-01,1.7,-2.7,16.279
Westland,2014-02-02,-2.1,-6.1,0.0
Westland,2014-02-03,-3.8,-12.9,0.837
Westland,2014-02-04,-3.9,-14.2,0.168
Westland,2014-02-05,-2.7,-12.0,4.952
Westland,2014-02-06,-6.6,-15.8,0.0
Westland,2014-02-07,-11.7,-19.7,0.0
Westland,2014-02-08,-7.7,-17.5,0.81
Westland,2014-02-09,-4.0,-10.3,1.585
Westland,2014-02-10,-6.1,-13.2,0.0
Westland,2014-02-11,-9.4,-16.6,0.427
Westland,2014-02-12,-7.1,-20.8,0.285
Westland,2014-02-13,-1.6,-13.4,0.0
Westland,2014-02-14,-1.7,-6.5,0.338
Westland,2014-02-15,-4.7,-14.0,0.0
Westland,2014-02-16,-2.8,-12.8,0.89
Westland,2014-02-17,-4.3,-17.3,4.403
Westland,2014-02-18,2.7,-4.7,0.504
Westland,2014-02-19,7.1,-1.4,0.0
Westland,2014-02-20,3.6,-2.4,20.681
Westland,2014-02-21,7.9,0.2,2.144
Westland,2014-02-22,3.2,-1.0,0.0
Westland,2014-02-23,0.7,-6.4,0.0
Westland,2014-02-24,-3.7,-7.1,0.0
Westland,2014-02-25,-4.3,-10.7,0.0
Westland,2014-02-26,-8.8,-14.0,0.0
Westland,2014-02-27,-9.2,-16.0,0.168
Westland,2014-02-28,-7.7,-19.8,0.0
Dover,2014-02-01,7.9,5.7,9.512
Dover,2014-02-02,8.6,5.4,1.969
Dover,2014-02-03,7.4,5.0,0.158
Dover,2014-02-04,7.3,5.2,0.226
Dover,2014-02-05,8.7,5.3,9.372
Dover,2014-02-06,9.4,5.4,8.078
Dover,2014-02-07,9.8,4.2,9.824
Dover,2014-02-08,9.1,5.4,6.523
Dover,2014-02-09,8.1,4.2,6.908
Dover,2014-02-10,7.4,3.9,2.593
Dover,2014-02-11,6.8,2.6,5.94
Dover,2014-02-12,7.8,3.2,8.167
Dover,2014-02-13,7.1,2.9,2.966
Dover,2014-02-14,10.7,4.1,7.156
Dover,2014-02-15,9.7,4.9,4.096
Dover,2014-02-16,8.6,2.6,0.013
Dover,2014-02-17,9.2,7.3,0.128
Dover,2014-02-18,10.4,6.6,2.118
Dover,2014-02-19,10.0,3.9,0.276
Dover,2014-02-20,9.4,6.4,2.19
Dover,2014-02-21,8.9,3.9,2.817
Dover,2014-02-22,9.9,4.9,1.049
Dover,2014-02-23,9.9,7.8,0.02
Dover,2014-02-24,10.4,7.6,0.0
Dover,2014-02-25,9.9,6.3,2.305
Dover,2014-02-26,9.7,5.1,1.664
Dover,2014-02-27,10.6,4.1,2.891
Dover,2014-02-28,6.8,3.9,4.605
New Albany,2014-02-01,16.4,4.6,0.0
New Albany,2014-02-02,12.0,-1.1,18.21
New Albany,2014-02-03,1.8,-4.5,5.09
New Albany,2014-02-04,0.4,-4.5,33.38
New Albany,2014-02-05,1.2,-3.1,3.265
New Albany,2014-02-06,-3.1,-10.9,0.0
New Albany,2014-02-07,-6.2,-14.7,0.0
New Albany,2014-02-08,-1.8,-7.7,0.562
New Albany,2014-02-09,-0.1,-3.9,0.557
New Albany,2014-02-10,-3.8,-9.2,0.155
New Albany,2014-02-11,-3.3,-14.2,0.0
New Albany,2014-02-12,2.5,-11.6,0.0
New Albany,2014-02-13,5.4,-7.1,0.0
New Albany,2014-02-14,4.1,-3.6,8.027
New Albany,2014-02-15,-1.3,-7.1,0.163
New Albany,2014-02-16,2.9,-2.5,0.0
New Albany,2014-02-17,6.8,-3.6,13.369
New Albany,2014-02-18,14.0,1.7,0.0
New Albany,2014-02-19,14.0,8.3,0.015
New Albany,2014-02-20,22.0,7.0,6.019
New Albany,2014-02-21,10.4,4.5,1.738
New Albany,2014-02-22,17.1,2.4,0.0
New Albany,2014-02-23,6.3,-1.5,1.25
New Albany,2014-02-24,5.0,-4.7,0.0
New Albany,2014-02-25,2.6,-2.0,0.0
New Albany,2014-02-26,-3.1,-8.2,0.155
New Albany,2014-02-27,0.4,-7.1,0.0
New Albany,2014-02-28,6.8,-8.6,0.0
New York City,2014-02-01,6.5,1.4,0.0
New York City,2014-02-02,12.6,2.2,0.048
New York City,2014-02-03,6.0,-2.4,27.589
New York City,2014-02-04,1.1,-5.1,0.0
New York City,2014-02-05,1.0,-1.2,35.03
New York City,2014-02-06,-0.3,-5.8,0.0
New York City,2014-02-07,0.0,-4.4,0.0
New York City,2014-02-08,-1.9,-6.2,0.0
New York City,2014-02-09,-1.4,-6.3,2.349
New York City,2014-02-10,-1.9,-6.2,0.0
New York City,2014-02-11,-3.2,-8.6,0.0
New York City,2014-02-12,-4.4,-10.7,0.0
New York City,2014-02-13,1.8,-4.4,41.649
New York City,2014-02-14,4.1,-0.2,7.175
New York City,2014-02-15,2.4,-1.7,3.867
New York City,2014-02-16,-1.8,-6.2,0.0
New York City,2014-02-17,-0.5,-7.9,0.0
New York City,2014-02-18,3.9,-2.7,4.117
New York City,2014-02-19,6.5,0.5,6.506
New York City,2014-02-20,9.5,3.1,0.707
New York City,2014-02-21,7.9,1.8,2.013
New York City,2014-02-22,11.8,4.1,0.0
New York City,2014-02-23,11.9,5.2,0.0
New York City,2014-02-24,6.5,-2.1,0.0
New York City,2014-02-25,0.1,-4.1,0.0
New York City,2014-02-26,-0.9,-6.3,0.688
New York City,2014-02-27,0.0,-8.8,0.0
New York City,2014-02-28,-4.2,-12.2,0.0
Troy,2014-02-01,1.2,-4.3,9.355
Troy,2014-02-02,-3.2,-7.3,0.0
Troy,2014-02-03,-5.0,-15.0,0.0
Troy,2014-02-04,-4.8,-15.3,0.0
Troy,2014-02-05,-4.7,-13.4,2.597
Troy,2014-02-06,-6.8,-16.4,0.0
Troy,2014-02-07,-11.0,-17.0,0.0
Troy,2014-02-08,-7.5,-17.2,0.0
Troy,2014-02-09,-5.7,-11.4,0.498
Troy,2014-02-10,-7.1,-11.9,0.0
Troy,2014-02-11,-10.0,-16.5,0.0
Troy,2014-02-12,-7.6,-20.2,0.0
Troy,2014-02-13,-3.0,-11.6,0.0
Troy,2014-02-14,-1.4,-6.6,0.0
Troy,2014-02-15,-5.2,-14.7,0.0
Troy,2014-02-16,-5.3,-14.6,0.517
Troy,2014-02-17,-5.1,-19.8,1.367
Troy,2014-02-18,2.3,-7.2,0.11
Troy,2014-02-19,6.9,-2.2,0.0
Troy,2014-02-20,2.5,-2.2,9.512
Troy,2014-02-21,7.3,-0.2,1.474
Troy,2014-02-22,2.9,-1.0,0.0
Troy,2014-02-23,-0.1,-5.7,0.0
Troy,2014-02-24,-4.6,-8.6,0.0
Troy,2014-02-25,-5.1,-10.5,0.0
Troy,2014-02-26,-9.4,-15.1,0.0
Troy,2014-02-27,-10.3,-16.5,0.045
Troy,2014-02-28,-8.8,-21.1,0.0
Chicago,2014-02-01,-0.9,-5.4,5.405
Chicago,2014-02-02,-5.0,-13.2,0.384
Chicago,2014-02-03,-5.8,-17.9,0.53
Chicago,2014-02-04,-4.1,-12.2,0.572
Chicago,2014-02-05,-3.9,-11.2,2.835
Chicago,2014-02-06,-11.4,-18.0,0.0
Chicago,2014-02-07,-11.8,-19.1,0.0
Chicago,2014-02-08,-9.0,-14.0,1.536
Chicago,2014-02-09,-7.3,-13.3,0.0
Chicago,2014-02-10,-11.1,-19.1,0.0
Chicago,2014-02-11,-9.7,-20.0,0.0
Chicago,2014-02-12,-4.9,-16.8,0.0
Chicago,2014-02-13,0.0,-9.2,0.132
Chicago,2014-02-14,-5.7,-10.9,0.0
Chicago,2014-02-15,-4.2,-14.2,0.764
Chicago,2014-02-16,-2.4,-8.0,0.131
Chicago,2014-02-17,-2.0,-5.5,8.231
Chicago,2014-02-18,7.2,-5.4,1.038
Chicago,2014-02-19,6.8,0.3,0.0
Chicago,2014-02-20,9.0,1.5,20.959
Chicago,2014-02-21,2.9,-2.4,1.289
Chicago,2014-02-22,1.4,-4.9,0.0
Chicago,2014-02-23,-2.3,-8.3,0.0
Chicago,2014-02-24,-4.1,-11.0,0.0
Chicago,2014-02-25,-5.2,-13.5,0.0
Chicago,2014-02-26,-8.1,-17.1,0.0
Chicago,2014-02-27,-7.5,-14.7,0.0
Chicago,2014-02-28,-1.4,-14.9,0.0
Gilbert,2014-02-01,17.5,10.8,0.0
Gilbert,2014-02-02,16.4,5.4,0.0
Gilbert,2014-02-03,15.3,8.8,0.0
Gilbert,2014-02-04,16.5,4.9,0.0
Gilbert,2014-02-05,17.2,10.0,0.0
Gilbert,2014-02-06,15.7,7.3,0.0
Gilbert,2014-02-07,18.0,10.0,0.0
Gilbert,2014-02-08,20.4,8.7,0.0
Gilbert,2014-02-09,23.5,9.8,0.0
Gilbert,2014-02-10,24.3,10.5,0.0
Gilbert,2014-02-11,24.1,11.4,0.0
Gilbert,2014-02-12,24.8,9.9,0.0
Gilbert,2014-02-13,26.6,10.8,0.0
Gilbert,2014-02-14,28.2,12.2,0.0
Gilbert,2014-02-15,29.4,11.7,0.0
Gilbert,2014-02-16,27.4,13.2,0.0
Gilbert,2014-02-17,28.8,13.4,0.0
Gilbert,2014-02-18,28.3,13.6,0.0
Gilbert,2014-02-19,26.7,14.4,0.0
Gilbert,2014-02-20,24.1,11.5,0.0
Gilbert,2014-02-21,23.5,10.6,0.0
Gilbert,2014-02-22,24.7,9.5,0.0
Gilbert,2014-02-23,25.9,11.6,0.0
Gilbert,2014-02-24,27.0,12.1,0.0
Gilbert,2014-02-25,23.9,14.4,0.0
Gilbert,2014-02-26,25.9,12.3,0.0
Gilbert,2014-02-27,25.5,13.8,0.0
Gilbert,2014-02-28,27.5,13.5,0.0
Springfield,2014-02-01,6.7,-3.2,3.45
Springfield,2014-02-02,-3.2,-9.0,1.372
Springfield,2014-02-03,4.0,-11.9,0.0
Springfield,2014-02-04,-0.9,-3.5,3.927
Springfield,2014-02-05,-3.2,-14.0,0.069
Springfield,2014-02-06,-10.0,-16.1,0.0
Springfield,2014-02-07,-5.9,-16.1,0.0
Springfield,2014-02-08,-0.9,-7.1,0.0
Springfield,2014-02-09,-1.9,-6.1,0.0
Springfield,2014-02-10,-5.0,-9.2,0.602
Springfield,2014-02-11,-1.1,-12.1,0.0
Springfield,2014-02-12,5.0,-9.9,0.0
Springfield,2014-02-13,10.0,-6.0,0.0
Springfield,2014-02-14,8.1,-5.8,0.781
Springfield,2014-02-15,10.1,-7.1,0.0
Springfield,2014-02-16,11.8,-2.0,0.0
Springfield,2014-02-17,13.9,2.1,0.0
Springfield,2014-02-18,20.0,0.9,0.0
Springfield,2014-02-19,16.0,-0.7,0.0
Springfield,2014-02-20,21.9,1.1,3.573
Springfield,2014-02-21,14.1,0.0,0.0
Springfield,2014-02-22,18.9,1.0,0.0
Springfield,2014-02-23,8.9,-1.1,0.0
Springfield,2014-02-24,8.1,-4.2,0.0
Springfield,2014-02-25,5.0,-5.9,0.0
Springfield,2014-02-26,-1.9,-10.0,0.016
Springfield,2014-02-27,5.8,-6.8,0.0
Springfield,2014-02-28,6.8,-2.1,0.0
Jackson,2014-02-01,20.8,6.8,0.0
Jackson,2014-02-02,20.6,3.1,34.756
Jackson,2014-02-03,5.0,1.0,3.108
Jackson,2014-02-04,17.1,4.1,9.72
Jackson,2014-02-05,4.8,-1.1,0.0
Jackson,2014-02-06,2.2,-3.0,0.0
Jackson,2014-02-07,7.9,-4.0,0.0
Jackson,2014-02-08,12.9,1.0,1.8
Jackson,2014-02-09,17.0,4.4,0.0
Jackson,2014-02-10,6.8,1.8,6.731
Jackson,2014-02-11,1.8,0.2,13.717
Jackson,2014-02-12,2.0,-0.9,7.478
Jackson,2014-02-13,11.2,-2.4,0.0
Jackson,2014-02-14,17.0,1.1,2.463
Jackson,2014-02-15,13.1,-0.2,0.0
Jackson,2014-02-16,21.6,1.7,0.0
Jackson,2014-02-17,22.9,11.2,0.0
Jackson,2014-02-18,22.9,12.1,0.0
Jackson,2014-02-19,25.8,14.2,0.0
Jackson,2014-02-20,27.6,16.4,23.955
Jackson,2014-02-21,16.9,3.8,0.577
Jackson,2014-02-22,19.8,3.4,0.0
Jackson,2014-02-23,20.0,8.8,0.0
Jackson,2014-02-24,18.9,9.1,0.0
Jackson,2014-02-25,14.8,11.0,1.328
Jackson,2014-02-26,10.9,0.0,4.438
Jackson,2014-02-27,10.8,-4.4,0.0
Jackson,2014-02-28,15.0,-1.0,0.0
Memphis,2014-02-01,19.7,10.7,0.338
Memphis,2014-02-02,16.5,-0.8,35.675
Memphis,2014-02-03,-1.1,-4.0,0.0
Memphis,2014-02-04,1.1,-1.4,58.963
Memphis,2014-02-05,1.4,-2.4,0.0
Memphis,2014-02-06,-3.1,-7.3,0.0
Memphis,2014-02-07,-2.8,-7.4,0.0
Memphis,2014-02-08,2.2,-3.3,0.747
Memphis,2014-02-09,2.6,0.6,0.0
Memphis,2014-02-10,1.2,-3.5,0.0
Memphis,2014-02-11,0.6,-7.8,0.0
Memphis,2014-02-12,0.8,-3.1,0.173
Memphis,2014-02-13,9.7,-4.2,0.0
Memphis,2014-02-14,9.2,1.4,6.115
Memphis,2014-02-15,6.6,-3.2,0.0
Memphis,2014-02-16,13.9,1.6,0.0
Memphis,2014-02-17,20.1,4.6,0.38
Memphis,2014-02-18,24.2,3.1,0.0
Memphis,2014-02-19,20.0,14.3,0.462
Memphis,2014-02-20,22.7,8.9,5.904
Memphis,2014-02-21,19.3,5.2,0.0
Memphis,2014-02-22,21.6,6.4,0.0
Memphis,2014-02-23,16.9,5.7,0.0
Memphis,2014-02-24,9.8,1.0,0.0
Memphis,2014-02-25,12.1,3.0,1.562
Memphis,2014-02-26,2.4,-3.9,0.0
Memphis,2014-02-27,8.5,-5.2,0.0
Memphis,2014-02-28,12.9,-1.0,1.056
Decatur,2014-02-01,2.8,-2.9,25.068
Decatur,2014-02-02,-3.2,-11.9,0.0
Decatur,2014-02-03,-4.0,-15.9,0.027
Decatur,2014-02-04,-5.0,-8.2,0.023
Decatur,2014-02-05,-4.2,-13.9,0.02
Decatur,2014-02-06,-14.2,-18.2,0.0
Decatur,2014-02-07,-11.8,-22.2,0.0
Decatur,2014-02-08,-5.8,-11.8,0.0
Decatur,2014-02-09,-5.0,-13.0,0.576
Decatur,2014-02-10,-13.2,-19.3,0.0
Decatur,2014-02-11,-12.9,-21.9,0.007
Decatur,2014-02-12,-5.8,-21.4,0.298
Decatur,2014-02-13,2.8,-17.0,0.029
Decatur,2014-02-14,-1.2,-12.1,0.08
Decatur,2014-02-15,-4.2,-19.0,2.689
Decatur,2014-02-16,-3.0,-11.0,2.055
Decatur,2014-02-17,2.1,-7.1,7.2
Decatur,2014-02-18,8.9,-3.2,13.166
Decatur,2014-02-19,6.7,1.8,0.0
Decatur,2014-02-20,15.9,2.0,5.51
Decatur,2014-02-21,7.9,0.8,0.0
Decatur,2014-02-22,8.8,-1.8,4.761
Decatur,2014-02-23,0.0,-4.9,2.688
Decatur,2014-02-24,-2.1,-6.8,0.0
Decatur,2014-02-25,-3.2,-10.9,0.589
Decatur,2014-02-26,-6.8,-15.0,0.0
Decatur,2014-02-27,-5.1,-12.1,0.0
Decatur,2014-02-28,4.2,-13.2,0.0
Durham,2014-02-01,14.5,-4.6,0.025
Durham,2014-02-02,17.6,5.2,0.025
Durham,2014-02-03,16.1,4.3,4.739
Durham,2014-02-04,4.1,2.9,10.495
Durham,2014-02-05,11.1,3.0,1.573
Durham,2014-02-06,5.6,0.1,0.0
Durham,2014-02-07,9.4,1.0,0.0
Durham,2014-02-08,8.9,1.2,0.0
Durham,2014-02-09,12.5,-1.4,0.0
Durham,2014-02-10,4.8,1.5,1.464
Durham,2014-02-11,1.6,-3.3,0.025
Durham,2014-02-12,-2.0,-4.9,10.778
Durham,2014-02-13,2.0,-1.4,10.424
Durham,2014-02-14,12.8,-1.6,0.0
Durham,2014-02-15,6.8,-0.2,6.117
Durham,2014-02-16,10.7,-1.0,0.0
Durham,2014-02-17,6.9,-1.7,0.0
Durham,2014-02-18,17.5,2.2,0.0
Durham,2014-02-19,21.9,8.1,10.62
Durham,2014-02-20,21.9,9.8,0.0
Durham,2014-02-21,20.9,5.1,9.765
Durham,2014-02-22,17.1,1.7,0.0
Durham,2014-02-23,19.3,2.1,0.0
Durham,2014-02-24,14.7,4.0,0.0
Durham,2014-02-25,10.7,-1.4,0.0
Durham,2014-02-26,8.5,0.5,0.0
Durham,2014-02-27,11.9,-4.9,0.0
Durham,2014-02-28,6.5,-2.9,0.0
Columbia,2014-02-01,20.3,4.0,0.0
Columbia,2014-02-02,20.3,7.0,0.7
Columbia,2014-02-03,20.3,8.0,0.0
Columbia,2014-02-04,21.4,8.5,0.0
Columbia,2014-02-05,20.3,7.0,2.5
Columbia,2014-02-06,20.3,7.0,0.0
Columbia,2014-02-07,20.4,8.0,0.2
Columbia,2014-02-08,20.3,9.0,0.0
Columbia,2014-02-09,20.5,7.0,3.5
Columbia,2014-02-10,21.3,8.0,1.1
Columbia,2014-02-11,21.3,10.0,0.0
Columbia,2014-02-12,28.0,7.0,4.4
Columbia,2014-02-13,19.4,7.9,4.3
Columbia,2014-02-14,20.4,6.9,2.2
Columbia,2014-02-15,21.4,9.0,0.0
Columbia,2014-02-16,32.0,6.0,0.2
Columbia,2014-02-17,19.3,7.1,0.3
Columbia,2014-02-18,20.4,10.0,0.0
Columbia,2014-02-19,30.0,12.0,2.9
Columbia,2014-02-20,19.2,11.0,4.4
Columbia,2014-02-21,20.6,9.0,4.1
Columbia,2014-02-22,20.4,11.0,3.7
Columbia,2014-02-23,20.2,10.0,4.5
Columbia,2014-02-24,19.4,10.8,1.7
Columbia,2014-02-25,18.3,10.0,7.9
Columbia,2014-02-26,19.4,11.3,3.0
Columbia,2014-02-27,18.2,10.0,30.4
Columbia,2014-02-28,31.0,11.0,8.9
Henderson,2014-03-01,16.9,8.4,0.0
Henderson,2014-03-02,17.8,6.9,0.0
Henderson,2014-03-03,18.8,7.3,0.0
Henderson,2014-03-04,22.5,12.2,0.0
Henderson,2014-03-05,22.3,9.6,0.0
Henderson,2014-03-06,24.5,11.2,0.0
Henderson,2014-03-07,21.2,13.5,0.0
Henderson,2014-03-08,21.9,10.6,0.0
Henderson,2014-03-09,22.8,8.2,0.0
Henderson,2014-03-10,26.2,11.6,0.0
Henderson,2014-03-11,19.8,12.0,0.0
Henderson,2014-03-12,19.1,8.8,0.0
Henderson,2014-03-13,20.8,8.7,0.0
Henderson,2014-03-14,24.0,8.2,0.0
Henderson,2014-03-15,25.4,14.8,0.0
Henderson,2014-03-16,25.9,9.6,0.0
Henderson,2014-03-17,28.6,13.1,0.0
Henderson,2014-03-18,16.9,9.2,0.0
Henderson,2014-03-19,19.4,5.9,0.0
Henderson,2014-03-20,21.7,5.7,0.0
Henderson,2014-03-21,25.7,9.8,0.0
Henderson,2014-03-22,24.6,13.2,0.0
Henderson,2014-03-23,26.3,10.3,0.0
Henderson,2014-03-24,26.8,11.5,0.0
Henderson,2014-03-25,28.4,11.2,0.0
Henderson,2014-03-26,20.5,13.5,0.0
Henderson,2014-03-27,18.5,9.7,0.0
Henderson,2014-03-28,23.1,9.0,0.0
Henderson,2014-03-29,26.4,12.1,0.0
Henderson,2014-03-30,21.3,14.3,0.034
Henderson,2014-03-31,22.4,9.4,0.0
Los Angeles,2014-03-01,15.7,12.0,17.241
Los Angeles,2014-03-02,16.5,12.0,4.218
Los Angeles,2014-03-03,19.6,10.8,0.045
Los Angeles,2014-03-04,19.8,12.8,0.0
Los Angeles,2014-03-05,20.7,12.3,0.0
Los Angeles,2014-03-06,21.2,14.1,0.0
Los Angeles,2014-03-07,21.4,13.4,0.0
Los Angeles,2014-03-08,26.2,11.3,0.0
Los Angeles,2014-03-09,28.5,15.2,0.0
Los Angeles,2014-03-10,25.8,14.4,0.0
Los Angeles,2014-03-11,24.8,13.0,0.0
Los Angeles,2014-03-12,25.9,12.8,0.0
Los Angeles,2014-03-13,20.7,14.6,0.0
Los Angeles,2014-03-14,20.7,11.6,0.0
Los Angeles,2014-03-15,25.9,12.3,0.0
Los Angeles,2014-03-16,31.2,13.5,0.0
Los Angeles,2014-03-17,22.7,13.9,0.0
Los Angeles,2014-03-18,22.9,14.7,0.0
Los Angeles,2014-03-19,25.0,13.3,0.0
Los Angeles,2014-03-20,21.6,13.0,0.0
Los Angeles,2014-03-21,19.1,13.4,0.0
Los Angeles,2014-03-22,18.4,13.9,0.0
Los Angeles,2014-03-23,19.1,11.8,0.0
Los Angeles,2014-03-24,18.4,14.4,0.0
Los Angeles,2014-03-25,17.7,14.1,0.0
Los Angeles,2014-03-26,18.4,13.2,0.229
Los Angeles,2014-03-27,18.8,11.3,0.0
Los Angeles,2014-03-28,20.2,13.0,0.0
Los Angeles,2014-03-29,23.4,11.9,0.0
Los Angeles,2014-03-30,21.1,13.3,0.0
Los Angeles,2014-03-31,18.9,12.0,0.0
Fort Lauderdale,2014-03-01,26.8,14.9,0.08
Fort Lauderdale,2014-03-02,26.5,19.7,0.029
Fort Lauderdale,2014-03-03,27.3,18.5,0.0
Fort Lauderdale,2014-03-04,26.9,18.3,0.0
Fort Lauderdale,2014-03-05,28.3,22.2,11.296
Fort Lauderdale,2014-03-06,29.5,19.2,12.354
Fort Lauderdale,2014-03-07,27.6,16.5,0.0
Fort Lauderdale,2014-03-08,23.0,13.6,0.0
Fort Lauderdale,2014-03-09,25.9,16.5,0.0
Fort Lauderdale,2014-03-10,27.0,17.8,0.0
Fort Lauderdale,2014-03-11,27.3,17.8,0.0
Fort Lauderdale,2014-03-12,30.3,22.3,0.0
Fort Lauderdale,2014-03-13,24.2,16.8,0.0
Fort Lauderdale,2014-03-14,23.1,15.7,0.0
Fort Lauderdale,2014-03-15,26.1,17.1,0.0
Fort Lauderdale,2014-03-16,27.0,22.7,0.0
Fort Lauderdale,2014-03-17,29.8,23.7,0.0
Fort Lauderdale,2014-03-18,26.6,21.0,9.251
Fort Lauderdale,2014-03-19,26.1,18.9,0.0
Fort Lauderdale,2014-03-20,26.3,22.3,0.0
Fort Lauderdale,2014-03-21,27.6,17.3,0.0
Fort Lauderdale,2014-03-22,26.7,22.9,11.074
Fort Lauderdale,2014-03-23,31.1,21.6,0.0
Fort Lauderdale,2014-03-24,25.2,20.2,1.245
Fort Lauderdale,2014-03-25,28.4,19.1,5.268
Fort Lauderdale,2014-03-26,21.0,13.1,0.0
Fort Lauderdale,2014-03-27,25.2,16.5,0.0
Fort Lauderdale,2014-03-28,27.5,22.7,0.0
Fort Lauderdale,2014-03-29,28.1,21.4,7.513
Fort Lauderdale,2014-03-30,25.8,18.6,0.534
Fort Lauderdale,2014-03-31,25.3,15.5,0.0
Concord,2014-03-01,18.1,10.9,0.009
Concord,2014-03-02,15.0,8.9,0.798
Concord,2014-03-03,15.8,8.9,2.698
Concord,2014-03-04,16.0,11.1,0.298
Concord,2014-03-05,20.0,11.1,5.775
Concord,2014-03-06,18.9,11.0,2.787
Concord,2014-03-07,20.0,6.1,0.0
Concord,2014-03-08,21.0,7.1,0.0
Concord,2014-03-09,20.0,12.1,0.0
Concord,2014-03-10,20.0,12.1,0.296
Concord,2014-03-11,21.0,6.9,0.092
Concord,2014-03-12,23.1,10.0,0.0
Concord,2014-03-13,25.0,6.8,0.0
Concord,2014-03-14,22.9,10.0,0.0
Concord,2014-03-15,26.8,8.9,0.0
Concord,2014-03-16,26.0,8.1,0.0
Concord,2014-03-17,20.8,11.0,0.0
Concord,2014-03-18,21.8,6.1,0.0
Concord,2014-03-19,23.1,6.0,0.0
Concord,2014-03-20,24.1,9.1,0.0
Concord,2014-03-21,21.0,8.9,0.0
Concord,2014-03-22,22.0,7.1,0.0
Concord,2014-03-23,22.0,6.8,0.0
Concord,2014-03-24,25.0,7.0,0.0
Concord,2014-03-25,16.8,8.1,0.324
Concord,2014-03-26,15.8,10.8,9.791
Concord,2014-03-27,17.0,9.2,1.091
Concord,2014-03-28,20.0,10.8,0.002
Concord,2014-03-29,14.1,11.0,8.898
Concord,2014-03-30,16.0,7.1,0.0
Concord,2014-03-31,13.9,6.8,15.222
Seattle,2014-03-01,7.5,4.5,0.409
Seattle,2014-03-02,10.3,2.7,17.611
Seattle,2014-03-03,13.9,8.8,9.369
Seattle,2014-03-04,13.1,7.0,11.289
Seattle,2014-03-05,14.8,10.4,37.405
Seattle,2014-03-06,13.8,10.6,7.154
Seattle,2014-03-07,15.8,9.1,0.0
Seattle,2014-03-08,12.9,6.8,28.907
Seattle,2014-03-09,15.2,10.5,4.188
Seattle,2014-03-10,11.6,7.7,13.337
Seattle,2014-03-11,13.6,5.6,0.36
Seattle,2014-03-12,16.5,2.3,0.0
Seattle,2014-03-13,14.0,5.8,0.0
Seattle,2014-03-14,14.7,8.9,4.379
Seattle,2014-03-15,16.1,6.8,5.302
Seattle,2014-03-16,11.8,6.1,29.118
Seattle,2014-03-17,11.1,4.0,0.364
Seattle,2014-03-18,10.3,4.7,0.191
Seattle,2014-03-19,11.2,5.3,0.154
Seattle,2014-03-20,10.7,3.0,0.0
Seattle,2014-03-21,11.0,3.3,0.0
Seattle,2014-03-22,11.7,0.8,0.0
Seattle,2014-03-23,12.6,6.2,0.0
Seattle,2014-03-24,19.5,5.5,0.0
Seattle,2014-03-25,13.6,9.3,4.621
Seattle,2014-03-26,11.5,5.8,2.307
Seattle,2014-03-27,12.9,7.5,0.682
Seattle,2014-03-28,12.0,7.7,15.973
Seattle,2014-03-29,11.8,7.4,14.897
Seattle,2014-03-30,12.1,6.8,0.382
Seattle,2014-03-31,15.9,2.9,0.0
Fort Worth,2014-03-01,27.3,8.2,0.0
Fort Worth,2014-03-02,20.7,-7.3,0.469
Fort Worth,2014-03-03,1.3,-9.3,0.095
Fort Worth,2014-03-04,10.6,-2.4,0.0
Fort Worth,2014-03-05,13.1,1.7,0.011
Fort Worth,2014-03-06,13.2,5.6,0.0
Fort Worth,2014-03-07,19.7,4.2,0.0
Fort Worth,2014-03-08,13.3,3.8,0.181
Fort Worth,2014-03-09,17.4,3.3,0.0
Fort Worth,2014-03-10,26.0,6.2,0.0
Fort Worth,2014-03-11,30.5,13.0,0.0
Fort Worth,2014-03-12,17.0,6.7,0.0
Fort Worth,2014-03-13,19.8,2.7,0.0
Fort Worth,2014-03-14,23.4,8.7,0.0
Fort Worth,2014-03-15,19.4,12.3,32.413
Fort Worth,2014-03-16,13.5,6.1,0.184
Fort Worth,2014-03-17,16.3,1.8,0.0
Fort Worth,2014-03-18,31.1,10.3,0.0
Fort Worth,2014-03-19,18.4,7.5,0.0
Fort Worth,2014-03-20,22.3,4.9,0.0
Fort Worth,2014-03-21,27.3,12.7,0.0
Fort Worth,2014-03-22,19.6,9.8,0.0
Fort Worth,2014-03-23,14.5,8.2,0.0
Fort Worth,2014-03-24,20.3,3.1,0.0
Fort Worth,2014-03-25,17.2,4.1,0.0
Fort Worth,2014-03-26,17.1,7.7,1.064
Fort Worth,2014-03-27,30.9,14.5,0.231
Fort Worth,2014-03-28,25.3,13.3,0.033
Fort Worth,2014-03-29,23.4,7.4,0.0
Fort Worth,2014-03-30,26.3,10.1,0.0
Fort Worth,2014-03-31,28.7,14.4,0.0
West Jordan,2014-03-01,12.5,7.0,2.83
West Jordan,2014-03-02,13.1,5.9,0.244
West Jordan,2014-03-03,15.3,7.6,0.0
West Jordan,2014-03-04,10.5,5.2,4.49
West Jordan,2014-03-05,14.7,3.4,0.15
West Jordan,2014-03-06,15.4,7.5,2.94
West Jordan,2014-03-07,10.6,6.1,0.0
West Jordan,2014-03-08,13.3,0.9,0.0
West Jordan,2014-03-09,17.4,3.8,0.0
West Jordan,2014-03-10,17.6,6.7,0.049
West Jordan,2014-03-11,8.6,2.5,0.909
West Jordan,2014-03-12,12.5,0.5,0.0
West Jordan,2014-03-13,15.2,1.1,0.0
West Jordan,2014-03-14,17.2,1.5,0.237
West Jordan,2014-03-15,12.8,5.9,0.0
West Jordan,2014-03-16,18.3,2.4,0.0
West Jordan,2014-03-17,15.8,2.9,0.045
West Jordan,2014-03-18,7.5,0.3,0.0
West Jordan,2014-03-19,12.5,-1.3,0.0
West Jordan,2014-03-20,18.2,2.3,0.0
West Jordan,2014-03-21,11.2,1.4,0.0
West Jordan,2014-03-22,12.3,4.4,0.072
West Jordan,2014-03-23,15.4,0.8,0.0
West Jordan,2014-03-24,16.5,2.7,0.0
West Jordan,2014-03-25,22.6,5.2,0.0
West Jordan,2014-03-26,16.8,5.5,3.437
West Jordan,2014-03-27,8.7,4.6,2.629
West Jordan,2014-03-28,14.3,3.3,0.048
West Jordan,2014-03-29,18.3,7.6,0.0
West Jordan,2014-03-30,16.1,2.7,11.203
West Jordan,2014-03-31,12.2,1.7,0.436
Houston,2014-03-01,27.8,18.9,0.0
Houston,2014-03-02,24.1,2.1,0.917
Houston,2014-03-03,5.5,-2.0,0.038
Houston,2014-03-04,3.9,0.0,17.777
Houston,2014-03-05,12.9,3.1,0.118
Houston,2014-03-06,15.1,7.1,0.0
Houston,2014-03-07,18.9,7.0,0.0
Houston,2014-03-08,19.9,12.9,0.335
Houston,2014-03-09,14.4,8.1,3.116
Houston,2014-03-10,22.7,9.0,0.0
Houston,2014-03-11,23.9,14.9,0.0
Houston,2014-03-12,19.1,12.9,0.0
Houston,2014-03-13,19.2,8.6,0.0
Houston,2014-03-14,22.0,11.8,0.0
Houston,2014-03-15,20.1,17.9,12.363
Houston,2014-03-16,20.1,8.1,2.727
Houston,2014-03-17,17.0,6.1,0.0
Houston,2014-03-18,24.4,9.9,0.0
Houston,2014-03-19,23.0,16.3,0.0
Houston,2014-03-20,24.9,14.0,0.0
Houston,2014-03-21,24.0,14.4,0.0
Houston,2014-03-22,28.0,19.0,0.03
Houston,2014-03-23,21.1,12.2,4.295
Houston,2014-03-24,16.6,11.0,0.0
Houston,2014-03-25,20.7,10.7,0.0
Houston,2014-03-26,18.6,12.7,4.072
Houston,2014-03-27,21.6,16.6,0.337
Houston,2014-03-28,28.9,18.4,1.335
Houston,2014-03-29,25.1,13.1,0.0
Houston,2014-03-30,22.8,13.7,0.0
Houston,2014-03-31,24.4,13.8,0.0
Richardson,2014-03-01,26.7,11.3,0.0
Richardson,2014-03-02,20.9,-6.9,3.246
Richardson,2014-03-03,0.6,-8.4,0.0
Richardson,2014-03-04,8.8,-3.3,0.0
Richardson,2014-03-05,12.7,0.3,0.0
Richardson,2014-03-06,12.1,4.8,0.259
Richardson,2014-03-07,18.8,3.3,0.0
Richardson,2014-03-08,12.6,3.8,0.26
Richardson,2014-03-09,16.0,3.1,0.0
Richardson,2014-03-10,24.7,5.9,0.0
Richardson,2014-03-11,26.6,13.0,0.0
Richardson,2014-03-12,16.4,7.7,0.0
Richardson,2014-03-13,20.2,3.5,0.0
Richardson,2014-03-14,21.9,8.5,0.0
Richardson,2014-03-15,19.0,12.9,24.992
Richardson,2014-03-16,13.0,5.5,4.065
Richardson,2014-03-17,15.7,2.6,0.0
Richardson,2014-03-18,27.3,9.3,0.0
Richardson,2014-03-19,18.7,7.7,0.0
Richardson,2014-03-20,21.8,5.3,0.0
Richardson,2014-03-21,26.1,11.5,0.0
Richardson,2014-03-22,19.9,10.9,0.0
Richardson,2014-03-23,14.4,8.1,0.0
Richardson,2014-03-24,18.6,4.9,0.0
Richardson,2014-03-25,16.7,5.4,0.0
Richardson,2014-03-26,15.7,7.6,0.656
Richardson,2014-03-27,26.3,14.1,1.174
Richardson,2014-03-28,26.8,13.3,0.916
Richardson,2014-03-29,23.2,8.0,0.0
Richardson,2014-03-30,25.2,9.9,0.0
Richardson,2014-03-31,26.5,13.8,0.0
Naperville,2014-03-01,-1.9,-11.6,0.911
Naperville,2014-03-02,-12.0,-17.8,0.127
Naperville,2014-03-03,-8.0,-20.4,0.0
Naperville,2014-03-04,-4.3,-12.1,0.0
Naperville,2014-03-05,-5.0,-8.4,0.243
Naperville,2014-03-06,-1.5,-11.2,0.0
Naperville,2014-03-07,5.7,-10.7,0.0
Naperville,2014-03-08,2.3,-5.7,0.058
Naperville,2014-03-09,3.9,-8.0,0.0
Naperville,2014-03-10,9.7,3.5,0.0
Naperville,2014-03-11,9.2,1.3,1.564
Naperville,2014-03-12,0.6,-7.9,3.471
Naperville,2014-03-13,1.7,-11.8,0.0
Naperville,2014-03-14,10.3,2.2,0.0
Naperville,2014-03-15,5.5,-2.0,0.0
Naperville,2014-03-16,-2.4,-8.1,0.0
Naperville,2014-03-17,3.1,-9.8,0.0
Naperville,2014-03-18,10.0,-2.4,0.0
Naperville,2014-03-19,6.3,1.0,6.947
Naperville,2014-03-20,7.4,-1.4,0.282
Naperville,2014-03-21,13.0,-0.6,0.115
Naperville,2014-03-22,4.4,-1.3,0.0
Naperville,2014-03-23,-1.2,-6.7,0.0
Naperville,2014-03-24,1.0,-7.2,0.0
Naperville,2014-03-25,-1.1,-6.3,0.0
Naperville,2014-03-26,3.1,-10.1,0.0
Naperville,2014-03-27,10.0,1.0,3.326
Naperville,2014-03-28,11.9,1.2,0.467
Naperville,2014-03-29,6.1,-1.0,0.0
Naperville,2014-03-30,12.9,-5.0,0.0
Naperville,2014-03-31,18.5,4.3,0.0
Melbourne,2014-03-01,23.0,15.0,0.0
Melbourne,2014-03-02,22.3,15.3,0.0
Melbourne,2014-03-03,26.4,12.7,0.0
Melbourne,2014-03-04,32.5,13.0,0.0
Melbourne,2014-03-05,25.6,15.5,0.0
Melbourne,2014-03-06,20.4,12.8,0.0
Melbourne,2014-03-07,20.5,12.9,0.016
Melbourne,2014-03-08,27.5,13.8,0.0
Melbourne,2014-03-09,32.3,13.4,0.0
Melbourne,2014-03-10,33.2,19.7,0.0
Melbourne,2014-03-11,31.0,17.5,2.096
Melbourne,2014-03-12,20.3,15.1,0.0
Melbourne,2014-03-13,22.8,9.1,0.0
Melbourne,2014-03-14,27.4,12.2,0.0
Melbourne,2014-03-15,28.9,15.7,8.183
Melbourne,2014-03-16,19.6,11.9,0.406
Melbourne,2014-03-17,24.9,13.0,0.0
Melbourne,2014-03-18,24.7,13.6,0.0
Melbourne,2014-03-19,21.6,10.4,0.0
Melbourne,2014-03-20,30.9,7.7,0.0
Melbourne,2014-03-21,23.6,14.3,0.437
Melbourne,2014-03-22,17.2,11.7,0.938
Melbourne,2014-03-23,16.7,11.7,0.059
Melbourne,2014-03-24,17.8,8.2,0.371
Melbourne,2014-03-25,23.8,11.5,0.018
Melbourne,2014-03-26,26.1,12.4,0.033
Melbourne,2014-03-27,24.3,16.7,7.178
Melbourne,2014-03-28,21.0,15.0,0.018
Melbourne,2014-03-29,23.1,11.6,0.019
Melbourne,2014-03-30,25.0,14.6,0.188
Melbourne,2014-03-31,30.8,14.8,0.0
Eagan,2014-03-01,-12.5,-19.9,0.0
Eagan,2014-03-02,-16.2,-25.1,0.0
Eagan,2014-03-03,-12.4,-22.8,0.34
Eagan,2014-03-04,-6.9,-13.3,0.0
Eagan,2014-03-05,-4.0,-10.7,0.0
Eagan,2014-03-06,-3.0,-10.8,0.0
Eagan,2014-03-07,1.1,-4.6,0.0
Eagan,2014-03-08,-1.4,-8.6,0.0
Eagan,2014-03-09,6.6,-7.9,0.0
Eagan,2014-03-10,11.5,1.1,0.0
Eagan,2014-03-11,6.0,0.7,0.0
Eagan,2014-03-12,-0.3,-6.7,0.0
Eagan,2014-03-13,9.2,-6.5,0.0
Eagan,2014-03-14,6.2,-1.3,0.0
Eagan,2014-03-15,-0.8,-5.7,0.0
Eagan,2014-03-16,-3.8,-10.9,0.0
Eagan,2014-03-17,1.5,-4.5,1.651
Eagan,2014-03-18,2.5,-1.0,2.919
Eagan,2014-03-19,2.5,-2.4,1.591
Eagan,2014-03-20,6.5,-4.0,0.0
Eagan,2014-03-21,7.3,-2.0,0.0
Eagan,2014-03-22,-3.7,-12.8,0.0
Eagan,2014-03-23,-3.7,-12.4,0.0
Eagan,2014-03-24,-1.2,-8.5,1.0
Eagan,2014-03-25,-3.8,-11.5,0.0
Eagan,2014-03-26,4.7,-10.6,0.0
Eagan,2014-03-27,4.7,-0.4,11.066
Eagan,2014-03-28,3.2,-1.5,0.0
Eagan,2014-03-29,6.1,-5.6,0.0
Eagan,2014-03-30,15.2,2.1,0.0
Eagan,2014-03-31,14.2,1.5,0.369
Westland,2014-03-01,-1.1,-8.4,2.093
Westland,2014-03-02,-7.0,-13.2,3.309
Westland,2014-03-03,-9.2,-18.3,0.0
Westland,2014-03-04,-6.9,-17.9,0.0
Westland,2014-03-05,-4.3,-9.9,0.0
Westland,2014-03-06,-3.2,-11.3,0.0
Westland,2014-03-07,5.9,-11.9,0.0
Westland,2014-03-08,3.1,-3.8,3.798
Westland,2014-03-09,1.7,-7.3,0.0
Westland,2014-03-10,8.0,1.7,0.0
Westland,2014-03-11,11.2,2.9,3.531
Westland,2014-03-12,4.4,-11.5,6.672
Westland,2014-03-13,-5.2,-16.0,0.0
Westland,2014-03-14,10.1,-8.2,0.083
Westland,2014-03-15,5.7,-0.6,0.0
Westland,2014-03-16,-1.5,-9.8,0.0
Westland,2014-03-17,-0.3,-12.0,0.0
Westland,2014-03-18,8.1,-4.1,0.0
Westland,2014-03-19,10.7,2.0,2.734
Westland,2014-03-20,5.1,0.7,0.0
Westland,2014-03-21,5.2,-4.2,0.0
Westland,2014-03-22,5.3,1.2,1.665
Westland,2014-03-23,-0.6,-7.9,0.0
Westland,2014-03-24,0.3,-8.6,0.0
Westland,2014-03-25,0.8,-7.2,0.28
Westland,2014-03-26,0.3,-12.3,0.168
Westland,2014-03-27,6.0,-2.6,1.32
Westland,2014-03-28,10.8,4.4,0.203
Westland,2014-03-29,4.4,1.4,0.0
Westland,2014-03-30,11.7,-2.7,0.0
Westland,2014-03-31,14.2,-1.4,0.0
Dover,2014-03-01,7.6,2.9,5.043
Dover,2014-03-02,8.7,3.0,0.831
Dover,2014-03-03,7.3,4.4,6.519
Dover,2014-03-04,10.1,3.9,1.56
Dover,2014-03-05,10.7,3.5,0.02
Dover,2014-03-06,10.2,6.8,0.108
Dover,2014-03-07,10.4,7.4,0.0
Dover,2014-03-08,13.1,7.2,0.0
Dover,2014-03-09,14.0,8.8,0.0
Dover,2014-03-10,14.3,6.2,0.0
Dover,2014-03-11,8.1,6.2,0.0
Dover,2014-03-12,14.1,3.7,0.157
Dover,2014-03-13,14.8,2.9,0.157
Dover,2014-03-14,7.1,1.6,0.148
Dover,2014-03-15,14.3,7.1,0.0
Dover,2014-03-16,19.0,9.3,0.0
Dover,2014-03-17,11.7,7.4,0.071
Dover,2014-03-18,10.9,6.4,0.0
Dover,2014-03-19,10.4,7.2,0.0
Dover,2014-03-20,11.4,7.4,0.0
Dover,2014-03-21,9.4,4.7,9.55
Dover,2014-03-22,8.3,3.4,1.484
Dover,2014-03-23,9.3,2.2,0.865
Dover,2014-03-24,8.9,1.1,0.128
Dover,2014-03-25,9.2,5.4,0.099
Dover,2014-03-26,8.0,2.1,2.0
Dover,2014-03-27,9.7,0.2,0.589
Dover,2014-03-28,12.7,2.9,0.198
Dover,2014-03-29,16.0,7.6,0.138
Dover,2014-03-30,16.6,12.0,0.02
Dover,2014-03-31,15.5,8.4,0.02
Troy,2014-03-01,-2.8,-9.3,2.439
Troy,2014-03-02,-8.7,-14.6,1.756
Troy,2014-03-03,-10.6,-19.5,0.0
Troy,2014-03-04,-7.3,-16.9,0.0
Troy,2014-03-05,-5.8,-11.7,0.0
Troy,2014-03-06,-4.7,-13.2,0.0
Troy,2014-03-07,5.7,-12.5,0.0
Troy,2014-03-08,3.4,-5.9,0.833
Troy,2014-03-09,1.2,-8.8,0.0
Troy,2014-03-10,9.9,1.8,0.0
Troy,2014-03-11,10.9,3.3,1.135
Troy,2014-03-12,2.5,-12.6,4.689
Troy,2014-03-13,-5.1,-15.6,0.609
Troy,2014-03-14,10.3,-5.3,0.0
Troy,2014-03-15,4.9,-2.7,0.0
Troy,2014-03-16,-4.1,-12.1,0.0
Troy,2014-03-17,-1.4,-13.7,0.0
Troy,2014-03-18,5.8,-5.4,0.0
Troy,2014-03-19,8.8,1.4,3.159
Troy,2014-03-20,2.8,0.1,0.0
Troy,2014-03-21,4.4,-5.8,0.0
Troy,2014-03-22,3.9,-1.2,3.92
Troy,2014-03-23,-3.4,-9.8,0.0
Troy,2014-03-24,-1.5,-9.1,0.0
Troy,2014-03-25,-0.8,-7.5,0.09
Troy,2014-03-26,-1.0,-11.3,0.0
Troy,2014-03-27,4.3,-3.3,0.777
Troy,2014-03-28,10.5,4.2,0.567
Troy,2014-03-29,3.3,0.0,0.0
Troy,2014-03-30,9.2,-3.1,0.0
Troy,2014-03-31,12.7,-2.8,0.0
Jackson,2014-03-01,25.6,11.1,0.0
Jackson,2014-03-02,26.0,16.9,0.0
Jackson,2014-03-03,5.4,-3.2,6.578
Jackson,2014-03-04,1.8,-3.0,0.0
Jackson,2014-03-05,16.2,0.6,0.0
Jackson,2014-03-06,8.3,4.3,13.788
Jackson,2014-03-07,17.0,4.4,0.0
Jackson,2014-03-08,20.8,6.3,0.0
Jackson,2014-03-09,21.8,11.7,0.0
Jackson,2014-03-10,23.1,7.5,0.0
Jackson,2014-03-11,20.6,10.5,11.882
Jackson,2014-03-12,17.7,7.3,0.0
Jackson,2014-03-13,17.9,1.3,0.0
Jackson,2014-03-14,18.9,3.8,0.0
Jackson,2014-03-15,20.9,12.8,2.928
Jackson,2014-03-16,20.1,7.0,23.784
Jackson,2014-03-17,5.8,2.9,0.0
Jackson,2014-03-18,20.4,3.9,0.0
Jackson,2014-03-19,24.1,9.0,0.0
Jackson,2014-03-20,21.6,8.7,0.0
Jackson,2014-03-21,25.9,4.5,0.0
Jackson,2014-03-22,24.1,13.9,0.0
Jackson,2014-03-23,19.0,9.1,1.231
Jackson,2014-03-24,18.0,4.8,0.0
Jackson,2014-03-25,13.9,3.0,0.0
Jackson,2014-03-26,16.7,0.3,0.0
Jackson,2014-03-27,23.6,9.8,18.628
Jackson,2014-03-28,23.9,16.1,38.474
Jackson,2014-03-29,18.1,10.7,25.377
Jackson,2014-03-30,22.0,5.3,0.0
Jackson,2014-03-31,26.8,5.3,0.0
